text;text_g;text_s;y_max;hash
le jaune;das Gelb;- jaune;135;cf885174259ff65b84f1221dc19d6db5
ou alors;oder aber/oder auch;Je voudrais des frites ~ des spaghettis.;157;ced3ae2674172d8751fb9dfda4e209d6
beau/bel/belle;schön;Regarde le chat. C'est un ~1 animal.;180;42bbe7ea96ceac7a60eda06ef59ec8da
rouge;rot;Tu aimes la couleur ~?;203;c6ea9af480ca35cb8ded3cb033937f58
plaire à qn;jdm. gefallen;Non, le jaune me -2 mieux.;227;6d576bdd1da9e5efbd17c6618dbdc2f1
Moi, ça ne me plaît pas. (fam.);Mir (betont) gefällt es nicht. (ugs.);Le rouge? ~;250;fa8925585689a51d6dca29d38ddc74e1
vert/verte;grün;En mai, les arbres sont -3.;295;4b2dc9d9506cbf9269c022c0efab8d4a
agressif/agressive;aggressiv, angriffslustig;;318;2c61d47432731482915aafccd44f0979
un blouson;eine Jacke/ein Blouson;;408;c2f21818188ccd59d9a2470b004c12b5
une chemise;ein Hemd;Ta ~ va bien avec ton blouson et ton pantalon.;431;793d6715adf3bb9a2ea5624732da65c6
ce/cet/cette/ces;diese(r), dieses (Demonstrativbegleiter);Comment est-ce que tu trouves -5 chemise?;476;a01c6c81c0930c831a3eeec63a68228b
un travail/des travaux;eine Arbeit/Arbeiten;"- travailler;";523;d94984d1694bb341a8cbb038095a36a3
Au travail!;An die Arbeit!;;567;de5784c0fcaa1d11cfa95dd8ba99d15d
un modèle;ein Modell;[F] =- èle + + [D] = Modell;591;7ecbea870a07d389b13dc5629732fee9
du matin au soir;von morgens bis abends;Ils travaillent ~.;613;433e37644bedce64b0df57cc21a3a608
avoir le temps de faire qe;(die) Zeit haben etw. zu tun;Tu -6 regarder la télé ce soir?;638;c05d4cb5f8e381d9022431c0981c9d93
«La Mode»;hier: Name eines Restaurants;;681;8f3debb6b58a45bff98a5ed4cfc2357e
Junior;männl. Vorname;;728;4547f8865b529680d4a06e00c18eca00
un Africain/une Africaine;ein Afrikaner/eine Afrikanerin;;750;cd0ad09b293b7f671dfb042edcff2b85
un employé/une employée;ein Angestellter/eine Angestellte;Junior est un nouvel ~ chez B.A.I.;796;cf90313948f5e398227a29e294249331
peut-être;vielleicht;Elle n'est pas là. Elle est ~ malade.;841;5a1b1cf58b12cdd69e00ed03eeb88f59
trouver qe beau;etw. schon finden;Regarde cette voiture. Je ~7 belle.;910;41e7ae77f5cc3d84b84ab927fb330393
original/originale;originell, neuartig;[F] = ------ al + + [D] = originell;934;bf366f08bd6bb1c4d98196dd5e662514
une mode-choc (fam.);eine Supermode (ugs.);;955;90d0dba194598a4dd5e13c36f766c9f6
chic (inv.);schick;"[F = chic + -+ [D] = schick; des vêtements ~8";978;e5002ef0f0b300a0f22bed53c0305069
une jupe;ein Rock;;1091;eeba6302f0dca6af73cf5e2420e81ac8
blanc/blanche;weiß;;1114;de237c42f8a1d8ee0350addecb63f0d4
gris/grise;grau;;1136;9f24165895d0074c5ba63a0e2b32ec76
bleu/bleue;blau;;1159;7c45eda17014ff47885f6d558d4bb98d
violet/violette;violett;;1183;3ab0dd4b6a05ed8ef1cfe9ec30705eb4
orange (inv.);orange;;137;e044c8e64e5d9507b8a249e2c534315a
marron (inv.);(kastanien)braun;;160;d9f53fef53b94443eb94ac06e420c761
un chemisier;eine Bluse;;183;34db08dab53b7d2821e2603e3aed5dd3
un T-shirt;ein T-Shirt;;205;381b09bd08a311f12134cb0d1770e934
un pull (fam.);ein Pulli (ugs.);;228;969fc24e736436be033bd7e2e7673b02
un sweat (fam.);ein Sweatshirt (ugs.);;251;4ce8e773335896f26ef95abb17c71a9d
le printemps;der Frühling;Enfin, ~ arrive.;366;ad4c3aef42ae77625ce3167558ade06e
au printemps;im Frühling;~, on voit des fleurs partout.;387;fdae3184ecffa23f7ef08ae1a3f86bc9
avant;vor (zeitlich)/vorher;~ les cours, les élèves discutent devant l'école.;408;a5dba937837146b30b7f808472427ea5
une sortie;"ein Ausgang; hier: ein Markteintritt";L'équipe fête la ~ de la collection.;454;8c6dc3f93ab594e2c66a80381009740c
le Centre (Georges-)Pompidou;das Centre Pompidou (Kunst und Kulturzentrum in Paris);;503;bfdb7760890832dc3bd60394cd5152df
triste;traurig;+ gai/gaie;566;535500fa8ed249a3c394dd6da143923d
Clermont-Ferrand;Stadt in der Auvergne;;591;1f66e58a6943ff6879f836846ec926f8
cet été;dieser Sommer/in diesem Sommer;~, je reste à la maison.;614;d1b387b2821c214e1f7c0483883254c4
c'est l'heure de faire qe;es ist Zeit, etw. zu tun;Une heure deja? ~ manger.;661;fe61a2eb33beeaf91525db4a658fbbb4
admirer qn;jdn. bewundern;On ~1 les champions.;683;496367b19b8f9b780263fc655b69cec0
une statue;eine Statue/Skulptur;;705;7da81948702f7199ba2d1a1c9b92ecfc
Niki de Saint-Phalle;frz. Malerin und Bildhauerin, geb. 1930;;728;6f8aaeb2bbe58ed432aa3c39a55bcbc4
courir;laufen/rennen;Un vrai sportif aime ~.;771;c257cd6428c892a9f729124f4fdb588d
j'ai couru;ich bin gelaufen;~ une heure.;794;0308738178c2352b7c725529fbd775bb
bousculer qn;jdn. anrempeln;Je vous ai ~2? Oh, pardon!;817;821bdecc12ff69d7e0185202091f761a
Ce n'est rien.;Das macht nichts.;;839;780414fbeff432690fc968197b817065
ce/cet/cette/ces ... - là;der/die/das ... . da/dort Demonstrativbegleiter);;863;ea4cd550dfc7a9d1cc33202a68626d1f
cette couleur-là;die(se) Farbe da;Je n'aime pas -.;932;0a761a47d67b3c9ffec6efbea4fcc2e7
une pièce;ein Teil/Stück;;956;73247b6df0be8617bd05811760307464
une pièce de tissu;ein Stück Stoff/ ein Flicken;;999;5f9d11e211a1c8de62184589c0be9bcd
la façon;die Art;Je n'aime pas sa ~ de me regarder.;1044;35d1d6658dbdd2ae2851836aeae4816d
un puzzle;ein Puzzle;;1068;3adf0cbbaa32216f42558c440509c6db
la façon puzzle;die Patchworkart;;1091;8dfe01f2417349cdc9f8d64de81790ef
On a imité notre collection! ~!- C'est impossible!;Man hat unsere Kollektion kopiert/nachgemacht!;;1113;cb4d45a41bb0e09f36d4cd038f70a131
j'ai vu;ich habe gesehen;~ nos nouveaux modèles.;1180;f1405b22e7f0418e4d6b9225644d7cee
entendre qc;ctw. hören;Ecoute. - Mais je n'~4 rien!;1204;0b5a42f730ed902413beafecc2735efb
Jamais entendu.;Nie gehört.;;135;36191ab31b2aba2fbeb581e694ded1b5
nos idées plaisent;unsere Ideen gefallen/ kommen gut an;~ parce qu'elles sont bonnes.;158;f32296e4fa5ab9620cb76c706f88552f
voler qe à qn;jdm. etw. stehlen;On lui a ~1 son vélo.;206;825dd162b4436ebca439309f6bf480c3
une catastrophe;eine Katastrophe;;227;6c0ae7f45e928af80d1688c14d202639
accuser qn;jdn. anklagen;Il n'a rien fait. On ne peut pas l' ~,;250;58aadbd25d6ee37586e994285dd4d440
un étranger/une étrangère;ein Ausländer/eine Ausländerin;~ m'a demandé son chemin.;274;32af9e45828b02c9d783973b24c1eb16
un menteur/une menteuse;ein Lügner/eine Lügnerin;Il m'a accusé. Mais c'est ~,;319;d26b24cb1af7421a7cf389cbacb6164d
une jeune fille;ein (junges) Mädchen;;455;b10dcd9b22102c2f4f61416a14a54f4c
il a fait;er hat gemacht/getan;;477;2dbf3fcd9f7161e81c66c8cb7a2842af
un film;ein Film;;501;539963e8f742df19a75064b060ea0cbd
excuser qn;jdn. entschuldigen;;525;0cd7374a8a3698d8cd2938731c999bea
Excuse-moi!/Excusez-moi!;Entschuldige!/Entschuldigen Sie!;;547;c44666b309577773e248628bf095c0e8
grave;schlimm;;592;386a023bd38fab85cb531824bfe9a879
août (m.);August;~ est en été.;728;d86d39365846b765c2aee381c88e9a2d
tous;alle;;750;d62682797365d16eb90d5893ff84bb3f
Chers tous, ...;Ihr Lieben, ... (Anrede im Brief);;775;f6a351524735b82fd2030a3efbdc4d69
retrouver qe;"etw. wiederfinden; hier: die Arbeit in etw. wieder aufnehmen";Après les vacances, on ~2 son travail.;818;fbe74d92144cf9d5179f7eb166d9b04f
une accusation;eine Anklage/Anschuldigung;-+ accuser;885;138fe851f203ed832351f74398e6623f
j'ai fait;ich habe gemacht/getan;~ mes devoirs.;931;d67a2f53e264df185a9fd93fd96a2466
j'ai voulu savoir;ich habe wissen wollen;-- son nom.;955;4e1d32b98efb892212289181f03cd0b4
Cornille;Familienname;;978;fb62b681bc657c03c14886eba0697a9e
la rue d'Aboukir;Straße in Paris (im 2. Bezirk);;998;479acc4112d93bc12d80e597bc84ffc2
j'ai été;ich bin gewesen;~ à Paris.;1045;4e2047ce00ecdb3907d2cfd8dce20ccf
la qualité;die Qualität;;1069;528dfec81afae3df2f5b531f42a005de
de mauvaise qualité;von schlechter Qualität/minderwertig;Elle ne prend jamais de tissus ~.;1091;fb8d09256e018a531cbefc5edffde5a0
être content/contente de faire qc;zufrieden, glücklich sein etw, zu tun;Elle est -> d'être en vacances.;1159;e00fb45938db800774a480c1f0917dee
je n'ai pas pu aller;ich habe nicht fahren können;~ en vacances cet été.;1205;494fba4578b974fec81a12de73dc30e7
juillet (m.);Juli;;137;107b082c0f445341b72f831a3cfc0885
en juillet;im Juli;Les vacances commencent ~.;157;46097ad408f6526131887dfa5874fa0f
vous avez compris;ihr habt verstanden;Maintenant, j'ai tout expliqué. ~?;181;0fbdd066c9a952fbfc980ec31ad19c65
un porte-monnaie/;ein Geldbeutel, Port-;;296;5b1573338e2c066e219a1c22d8b73c0b
des porte-monnaie;monee;;319;84b7f15fe1ebcca2ad283a8151eb32e7
un voleur/une voleuse;ein Dieb/eine Diebin;;365;ae604801230f033221c4e6e9ac17734f
un blouson;ein Anorak;;740;c2f21818188ccd59d9a2470b004c12b5
un chemisier;ein Kniestrumpf/ eine Socke;;786;34db08dab53b7d2821e2603e3aed5dd3
une jupe;ein Schuh;;831;eeba6302f0dca6af73cf5e2420e81ac8
un pantalon;ein Mantel/Mäntel;;854;721636ce732f9d95db8c4b76ed76ed7d
un sweat (fam.);ein Kleid;;899;4ce8e773335896f26ef95abb17c71a9d
un emploi;eine Beschäftigung/Arbeitsstelle;"- un travail; Elle a perdu son ~.";731;40694acee36aa66e4c151183ff0b21cf
un informaticien/ une informaticienne;ein Informatiker/eine Informatikerin;~ travaille sur un ordinateur.;776;e38c48e37299962f3a92d468d54de297
un emploi d'informaticienne Elle cherche ~.;eine Arbeitsstelle als Informatikerin;;821;d9e451901f423ff3cb12092ef3166ae0
sortir (de);"(aus etw.) hinausgehen/ -fahren; ausgehen";+ entrer (dans);866;1904180c0afb8a5ed49fe030c1627f2f
elle est sortie;sie ist hinausgegangen/ hinausgefahren/ausgegangen;Ta mère est là? - Non, ~ avec papa.;911;5baea8bc1d8f66417b5c63ed59633969
sortir avec qn;mit jdm. „gehen“ (eng befreundet sein);Elle ~1 avec un garçon très sympa.;979;2223135a88d259989ff57a7ff4bcf3b8
chaque;jeder/jede/jedes (+No-;Mon père va au marché ~ samedi matin.;1025;1ca4d2b813738419e1edaa06d949e389
partir;losgehen/weggehen/ abfahren/aufbrechen;+ arriver;1069;cf5f1c5c3091f9e3fe3f3cf2e36a0274
tôt;früh (Adverb);Quitter la maison à 6 heures, c'est -.;1114;e1f318fbd1ac2ce7ac666b65cc800a28
tard;spät (Adverb);# tôt;1138;e6dab821425cc94c8b72c15c3070f62b
elle a dit;sie hat gesagt;~ comment elle fait ça.;1159;5452bd358fc358f4a388867a71d68c1b
on est allé(e)s;hier: wir sind gegangen;= nous sommes allé(e)s;1184;ff40d85b117971854044269380b3b325
France Télécom;entspricht der Deutschen Telekom;;1206;34888015574a99b646dedaca6e089a88
comme ça;so/auf diese Weise;;1253;a693a15c8b7f94f35bf65003dfbf0513
venir;kommen;+ aller;132;2108a729ea8429b7d65d35543016d664
revenir;zurückkommen/wiederkommen;A quelle heure est-ce que tu ~1 de l'école demain?;157;b534def269401ae9359e70cd9fd09668
un ingénieur;ein Ingenieur;;206;52b320d42f6aa7efb643dcb8f4a25e10
fatigué/fatiguée;müde;Après le travail, on est -.;227;cd94896a455984b2b4dc517a63a85384
rien de nouveau;nichts Neues;+ quelque chose de nouveau;249;c8b3081de0cb976beee3bf06af60f922
un débutant/une débutante;ein Anfänger/eine Anfängerin;~ a souvent des problèmes avec son travail.;272;d8adefbe2c73eb591e8955c716a553c6
tu penses;hier: natürlich/wie du dir vorstellen kannst;;318;f7736e773a04359c68daf8046b3b33bf
avoir envie de faire qc;Lust haben etw. zu tun;Tu -2 aller au cinéma avec moi?;365;d68d94a6dfa9dfb3d72ef0fa6948154e
il a eu;er hat gehabt;~ des problèmes avec ses parents.;386;21d2c62b96da9414c406d00eeb764e55
retourner;zurück-/umkehren/ wieder hingehen;Après les cours, les élèves ~3 à la maison.;409;f1c70ef37e6cd5512a12940c809241da
200 = deux cents;zweihundert;;455;66740124b6d1f551904d59589016a210
250 = deux cent cinquante;zweihundertfünfzig;;479;6f870e9dee44f82e6c59d60ef425ac19
un kilomètre (km);ein Kilometer;;502;4df55c68b2cf7a65033c37c259e29b7b
le Puy de Dôme;Berg in der Nähe von Clermont-Ferrand (1465 m hoch);;524;22c2e13caf47d254bd1cced3322401b3
le Tour de France;die Tour de France (alljährliches Radrennen;le - +-+ la tour Eiffel;592;ba4bb96a40b3c3e92af17569ee3cced2
Qu'est-ce que tu fais comme sport?;Was für Sport treibst du?;;661;a3b29a95b93e3a037f51cbf7b1ce7fa0
le volley(-ball);das Volleyballspiel;Qu'est-ce que tu fais comme sport? - Je joue au ~.;708;bd280341750f7cc7133076538de9f68a
Hélène;weibl. Vorname;;751;ee7ddd570773c80169efa4d6d3afdbe9
mixte;gemischt;Aujourd'hui, les classes sont ~4.;773;5a5d9823f1483f147a6d075a20e803ab
Tiens, tiens!;Sieh da!/Sieh an!;~! Il est là aussi.;819;44630515d4be767e84e42f189990893f
mentir à qn;jdn. belügen;- un menteur/une menteuse;842;e1d2f4b0d50870b142e4d6ff42606fb5
un joueur/une joueuse;ein Spieler/eine Spielerin;- jouer/un jeu;866;1206618d372f03a7427f8607a90f19f1
Sébastien;männl. Vorname;;911;f25fc0df3406ff89f172dc7c70794835
brun/brune;braun/dunkelhaarig;A Marseille, les gens sont souvent -- 6.;934;70ed9b8575dd10048b799b7852e86b95
un grand brun;ein großer Dunkelhaariger;;956;4f91a1a9d0198b272c2f1fc28fa9ea92
gentil/gentille;nett, freundlich;On aime les gens ~7.;1003;b5474cb21a2aba617a98d21f57920877
être amoureux/amoureuse (de qn);(in jdn.) verliebt sein;Elle rêve d'un garçon. Elle ~8 de ce garçon.;1025;6097eec76db3a63d9be81799a5c6f610
prochain/prochaine;nächster, nächste, nächstes;;1071;8e33df03be309d4d496b4064372319cd
un match;ein Wettkampf/Spiel;;1113;b43ca08a84ba9ba047636e8256a5f37b
le prochain match;das nächste Spiel;;1136;bf1287943aea0282785572f18b79e4c4
un centre d'entraînement;ein Trainingszentrum;Avant les grands matchs, l'équipe va dans ~.;1161;1784268ba95b70ee91ef48eabec2bd62
Ça tombe bien/mal.;Das trifft sich gut./Das kommt ungelegen.;Tu vas à la gare? ~ 1. Moi aussi.;138;be9f31140695465ee1cda442ac90f8e4
la chance;die Chance/Gelegenheit/das Glück;Tu as un cousin français. Tu as de ~.;183;62c940512de4454b75f4fa8d69ff0d95
rater une chance;eine Gelegenheit verpassen;Pourquoi est-ce que tu n'es pas venu? Tu -2.;230;30738bd58228e1df1f0faebd2683226c
la taille;die (Kleider)Größe;Dans une boutique: «Quelle est votre ~, mademoiselle?»;275;dffb953c89b4374d87a24c74abdb333f
un mannequin;ein Mannequin;Pas de collection sans -3,;323;ea37cb7c4ea49c9f9554bdce54dbb7e1
dormir;schlafen;Il a des problèmes. Il ~4 mal.;343;bb3a214d56420541fb345f9f046174b9
donner le bonjour à qn;jdm. Grüße ausrichten/ jdn. grüßen;Il ~5 ses amis.;367;dfb664379fc53ec87280ebcc50d03f98
embrasser qn;jdn. küssen/umarmen;La mère ~6 son enfant.;412;53d941f544966546ca20a906de29997e
1 un résumé;ein Resümee/eine Zusammenfassung;F =- é +-+ [D = Resümee;526;3ab6faac0115bfcbaae8702f92fd6829
une chanson;ein Lied;[F] = une ~ +-+ [D] = ein Chanson;574;e1a09508a6a96449db34fac51933153b
C'est de la part de qui?;Mit wem spreche ich? (am Telefon);;596;6a05317b8b7fa3236378d94a0ee57280
Ne quittez pas.;Bleiben Sie am Apparat. (am Telefon);;642;33bc7fe7429a30da5b9f1978fb423cc8
Je vous le passe.;Ich verbinde Sie mit ihm. (am Telefon);;687;98b609e40fc3c471dbb6c3eb931ccfb7
les renseignements (m.);hier: die (Telefon)Auskunft;;732;08b6f476da003e38bc303ce4393831fc
impressionner qn;jdn. beeindrucken;Il joue bien. Son jeu m' ~- 7.;868;bef97d38c07aef79d34c7d18f8c6e3cd
le terrain;hier: das Spielfeld;Les joueurs arrivent sur ~ et le match commence.;889;13c4f273f70bf7d94f80cd079ab5e392
leur;ihnen (indirektes Objektpronomen);Le professeur ~ rend leurs devoirs.;934;5b3ed464ebf37a2ec0b39c3ab288b5c4
Bonne chance!;Viel Glück!;Je cherche un appartement. - ~;980;5f3eec2ffba627503983c637e4ac455e
un service;hier: eine Angabe/ein Aufschlag (beim Sport);;1001;c68748aade29a9fcb7c3d59f0831542d
fort/forte;stark, kraftvoll;Son copain est grand et ~-.;1071;f6a46f0930084ae4268c9b64a01efea0
une passe;ein Zuspiel/Pass;[F] = une ~ + -+ [D] = ein Pass;1094;9714a5221176cd60b8218169efe849fd
précis/précise  Pour bien écrire, cherchez les mots -.;genau;;1118;255e75ee8660e39c3d49036cc9ec8d10
le filet;das Netz;Il joue souvent au ~.;1139;3f6f0bd1a2fad76c5c7e737ab7943dc9
un point;ein Punkt;;1161;d18fde25649b01c44ef010b20b75a1ec
marquer un point;einen Punkt erzielen;Elle est contente. Elle a ~8.;1186;acaff6761ec1a15256caf2453d272717
envoyer qc à qn;jdm. etw. schicken/ hier: zuwerfen/zuspielen;Il m'a ~1 une carte de Brest.;141;fb384553826f5d40446ea9961616982e
sauter;springen;Tu n'as pas peur? Alors, ~ 2.;208;a44a938c089c52b3897394ef3d670eb3
Hop!;Hopp!;;230;b142aff434d4bdd38d954eff05295b9b
lui;ihm/ihr (indirektes Objektpronomen);Il ~ écrit qu'il l'aime.;253;55681f25f2b5ce8a670140d1dff04da5
Sébas;Kurzform für „Sébastien“;;298;3ecd6bb93fd96afbaed9d97889b682bf
C'est à Sébastien de faire le service.;Sébastien hat (die) Angabe.;;345;4d14af1c48893ff56b93d8e43a65e2fa
taper;schlagen;-P- ++ frapper;389;93416a45336a1b3b5beb9d53f86426f7
dire à qn que ...;jdm, sagen, dass ...;;413;461e58a71d197e3c3902ddc60b0c9461
continuer;fortfahren/weitermacher;Un élève lit. Puis, un autre -3.;438;43e72bd4870dfc80592fb7d3d7ea0c99
La chance a tourné.;Das Glück hat sich gewendet.;;504;acd9d57177694540e37a6063e78ccbfa
à la fin;am Ende/schließlich;Elle a cherché et elle a trouvé -.;548;d0e2ab6a0cdf7a0cdab1a82cbfbdf97e
gagner qe;etw. gewinnen;L'équipe du collège veut - le match.;574;fb9b48e9379aa50503e1a213bed205ea
Il va vite retrouver Nathalie.;Er geht schnell zu Nathalie.;;596;bab3636d8ba15cccaa7c75e7967ad121
si;ob;;641;ac5585d98646d255299c359140537783
demander à qn si ...;jdn. fragen, ob ...;Elle lui~5 s'il peut venir,;664;b853c13fecd4c133b3f306b4a1c89c80
demander pardon à qn;jdn. um Verzeihung/ Entschuldigung bitten;Je n'ai pas été gentil avec toi. Je ~6.;688;de98c876ca424f8f958545f36ed2476e
peut-être;vielleicht;Elle n'est pas là. Elle est - malade.;754;5a1b1cf58b12cdd69e00ed03eeb88f59
la 3ª = la troisième;"Klassenbezeichnung; entspricht dem 9. Schuljahr";Il a 15 ans. Il est en ~7.;868;7a8217cc2ed673e3ef57690417bff5a2
un œil/des yeux;ein Auge/Augen;Ferme un ~.;938;c085726832bb53a2016e857912c87904
aux yeux verts;mit grünen Augen;C'est une fille ~.;984;585868d208a9730a4f6daf31fa9ff382
être fou/folle de qn;verrückt nach jdm. sein;Les jeunes ~8 cette vedette.;1004;f10ac898cd96d685eb9edad264d0580a
un cheveu/des cheveux;ein Haar/Haare;Il n'a plus de ~9 sur la tête.;1027;37318bc713003fd91dd01a16d689135d
court/courte;kur;Il aime les cheveux ~10.;1074;3ee5c3ecddf6e8b47aab317152f7a306
long/longue;lang;+ court/courte;1096;7cdc4cf7feba39a2cde035e8ef09a137
avoir les cheveux courts;kurze Haare haben;[F = ~ les ~ + + [D] = kurze Haare haben;1119;c7d742ceb73f8578a0084a6dac96ba9b
avoir les yeux bruns;braune Augen haben;Elle ~11,;1164;422c808cb022629d943bb287a066985e
moche (fam.);hässlich (ugs.);* joli;138;42f8b3fcc28af1d637e546fdc04cca06
Il est bête comme ses pieds.;Er ist strohdumm. (ugs.);;160;9822751db890f3f25569809ce9998ce9
méchant/méchante;böse, gemein;+ gentil/gentille;205;ccc743fac6526bff71ab8796f870135f
intelligent/intelligente;intelligent;# bête;229;eb384ae94b349a91d9fcb573d5716fb8
ennuyeux/ennuyeuse;langweilig;Regarder toujours la télé, c'est ~,;252;3ec415684b539fef4228fab56627e204
paresseux/paresseuse;faul;Il ne travaille pas. Il est -.;298;a57e339dc69fc2c7734a137a3bc5980d
roux/rousse;rothaarig;;434;df08cf23ce3d006ba2a97d6fab2be00e
* le caractère;;der Charakter;384;3f26dfb82d34474b488a59f45abe1ff3
Il/Elle est ...;;Er/Sie ist ...;418;857d592997562f1b8b5c59eacad336e2
amusant(e);aggressiv;lustig;440;af3d2d8c9f532f58a5c059ef8f762b4f
drôle;dumm;lustig, ulkig;463;2c3c12ab2a7d08813a7b326b1e5af183
gentil/gentille;seltsam, komisch;nett, freundlich;488;b5474cb21a2aba617a98d21f57920877
intelligent(e);langweilig;intelligent;510;fe3c4604f23f033e09299c71d8ee5d5f
intéressant(e);idiotisch;interessant;531;61a32ab1bb801a043f7d8947bf2d9491
sympa(thique);böse, gemein;sympathisch;556;87a89fbae61fb8cde327878a5d956025
Il/Elle est ...;;Er/Sie ist ...;634;857d592997562f1b8b5c59eacad336e2
grand(e);schön;groß;659;d86c32a05dcf6b746bca3c36b79a0c50
petit(e);hübsch;klein;682;ffa8c56bbfac4821de27ab01297da8a9
mince;hässlich;dünn, schlank;703;052208dbc5f3d3154896df88e2572aaa
gros/grosse;hässlich (ugs.);dick;727;5ff7d6fe0e6682ce802b8686e78c5bd9
Il/Elle a ...;;Er/Sie hat ...;760;3b9cdcd1e56ee982d64f8c8695bec46f
courts;;kurze;805;f1b80f8b9eba6782c67c99ae526d4f96
longs;;lange;826;66937502b013d1ab8be75e27d2ed1022
blonds;Er/Sie hat blaue Augen.;blonde;848;584da814f5a7f5a34e33ea176e2058fc
bruns;;braune;871;8bac44d0f59a3a1eb88a1c3719b7974e
noirs;Er/Sie ist ein(e) kleine(r) Blonde(r).;schwarze;894;4d957bcb3b5171c0b6f2e4c4672b40ec
roux;;rote;917;3bb524dca2b466baa5a336772d79af65
gris;Er/Sie trägt eine Brille.;graue;941;4d9ad661c53222023932665b4a2a4f6d
Sorel;Familienname;;580;5092e256fe428dc078f58ec7aea3c76f
octobre (m.);Oktober;~ est en automne.;601;b2723efa09eb332da29b3169e6c1b389
ce dimanche 26 octobre;an diesem Sonntag, dem 26. Oktober;;624;8c4c0e2504bbc849a14ab55f7fbe83ea
un/une locataire;ein Mieter/eine Mieterin;+ un/une propriétaire;671;b79f7f3cd7ee0b0592c919eb999f5251
que;den/die/das (Relativpronomen, Objekt);Le chien est un animal ~ j'aime.;714;8cfbcfcd27c86a9ca3648bb0386c654b
connaître qn/qc;jdn./etw. kennen;Il -1 bien son texte.;763;76fb8dab2f5ebea2492fe4e4740d7774
Antoine;männl. Vorname;;782;ea71829d9d7a2be76b5c583749a81a9d
terrible;schrecklich/fürchterlich;La faim peut être ~.;806;b45534447658bd7ca14e13505ad087e2
Ludovic;männl, Vorname;;829;95b4f835054c86d1e932c7d24fddbf8c
Ludo;"Kurzform für „Ludovic""";;851;1ce10bca31c75022bb762faf9e0d5733
qui;der/die/das (Relativpronomen, Subjekt);Voilà un livre ~ me plaît.;898;9d24420082d450cb81caf59e2b173279
louer qe;etw. mieten/vermieten;+ le locataire;942;59df28d5f07a5035fefb837c76cf3b95
un étudiant/une étudiante;ein Student/eine Studentin;;964;4668cc343965996fa2b4629cf5980de0
les études (f ., pl.);das Studium;- un étudiant/une étudiante;1011;cdd9abe89b685528943c6552d9aab13f
faire des études;studieren;Elle veut ~ de français à Rennes.;1033;ff46fbb6fee673ae286776592b5e6301
Dresde;Dresden;;1056;b85ef93751201014ed99a42b570d42ad
une fille;eine Tochter;Hélène est la ~ de M. et Mme Sorel.;1079;c7829a07c0a25fbf39b8f9a9a7b6858b
aller chercher qn;jdn. (ab)holen;La mère -2 sa petite fille à l'école.;1124;8628b162c8cd18c5ecba1d2562eab9fd
sauf;außer;Il aime tout, ~ les artichauts.;1146;71e1f187a07e48159bfeb36be27cb8e7
autre chose;etw. anderes;Je n'aime pas le foot. Parlons d' ~.;1169;d348620e62071641fb73d872f6c6fca7
avoir autre chose à faire;etw. anderes zu tun haben;Il ne m'aide jamais. Il me dit toujours qu'il ~3.;1193;455ac6dd9549d882e542cbf6cf5595b9
après;danach/darauf/später;= avant;135;1b4815ffd3e470dd8f28c87c15713140
par;Grundbedeutung: durch;;158;d018268506e2868537a478629b59e7c1
commencer par qe;mit etw. anfangen/ beginnen;L'exercice ~1 un exemple.;203;69c105eae8a7a26861de12de9704d37c
le rez-de-chaussée;das Erdgeschoss;Notre appartement est au ~.;248;3960d983dfbadad5898d62e413e95b5a
un salon;ein Wohnzimmer;Nous regardons la télé au ~.;295;e87bc0fb6f9e628ce930db8e5315fdd9
une salle à manger;ein Esszimmer;On mange dans la ~.;318;c76e305ab94d8dd83b0ea8c161a3e598
les toilettes (f.);die Toilette;"les ~ s; Il est allé -2.";340;ab90d8bc133fa7b1a9fb20024820673a
un bureau/des bureaux;ein Arbeitszimmer, Büro/ Arbeitszimmer, Büros;Papa travaille dans son ~.;363;fb61db679d24e68a1eb343ca71d6562a
derrière;(da)hinter;+ devant;408;58baef8addca38c1ed531dffc6ecde63
une caverne;eine Höhle;La chambre de Ludo est sa ~.;432;d6f56bcad999a86e9f6333f785ffb328
déranger qn;jdn. stören;Je vous ~3? - Non, entrez.;455;9713fe1a7f7cfe0d67669d7f4eb83494
un drap;ein Tuch/Bettlaken;Le ~ est blanc.;478;c9445538e630b22a630cced96c91da26
une couverture;eine Decke/Bettdecke;Sur le lit, il y a un drap et ~.;500;dbc2475ee261689c5ca470e4a03a958a
une pièce;ein Zimmer;Le salon et la salle à manger sont des ~4.;546;73247b6df0be8617bd05811760307464
au milieu de la pièce;in der Mitte des Zimmers/ mitten im Zimmer;;570;64916edac0e3e31f7d4ea401d2f19bae
une tente;ein Zelt;Il achète ~ pour les vacances.;615;fdc1e24e4c942db349e4e56a4dd5e443
une farce;ein Streich/Scherz;Les élèves aiment faire des ~5 aux professeurs.;635;3cdb3bca4d4944caf808642371378d41
cela;das;+ ça;681;ea21c3ba93c9569f494c1bf794f7e229
Je connais cela.;Das kenne ich.;;705;9f7a45a2d1b307dc989499edff6aa732
Dracula;Dracula;;726;7acf416aa150ea9d110024cd4bcbbb2e
le sang;das Blut;~ est rouge.;751;c25f09d5367de80e47afdb7a55950284
un monstre;ein Ungeheuer/Monster;Dracula est ~.;773;064c8127163c49d6a1471f02b8e3b8dc
Quel monstre!;Was für ein Monster!;;796;691895ac7419b55c225d11fdfc03324f
une douche;eine Dusche;Après le match, les jeunes prennent ~,;817;bc73a88b6b344ce7e39acd92bd81c314
entre;zwischen;Lille est ~ Paris et Bruxelles.;840;d38e8968ce2e8316c105eb6e020ba874
un diner;ein Abendessen;[F] = - in -- - - > [E] = dinner;863;a83db9dbd4709b139998d34cc96eb0af
où;wo (Relativpronomen);;885;5ac527522f4d8e3e7a8f23920df2ffa3
la ville où elle habite;die Stadt, in der sie wohnt;~ s'appelle Clermont-Ferrand.;908;865b01faffe19ade3ab86a9276067cca
une nuit;eine Nacht;+ un jour;955;ee01c72a2cc5ba4e1ccfcfaf02fdf043
Bonne nuit!;Gute Nacht!;Bonjour!;976;6b710e807087a313dfedba02791835a8
une oreille;ein Ohr;Qu'est-ce que ses ~6 sont grandes!;1000;2ad353c50183b24fbc55d2746846b7d6
dire qe à l'oreille de qn;jdm. etw. ins Ohr sagen;;1024;c3f8eac354f63c1e2c709c845da30e72
demander à qn de faire qc;jdn. darum bitten, etw. zu tun;;1137;5953a0fb57b75c208bcf96c9f2a6920b
une entrée;ein Eingang/Hausflur;;1181;2cb5bfde29c44b414d5ed12ed8a278cb
un prénom;ein Vorname;;1205;a205eb214c350ba1a3c06d771b1cc5f5
une saison;eine Jahreszeit;;134;f470386d682aa266901a95ff038a6967
une date;ein Datum;[F] = une ~ ++ [D] = ein Datum;157;ff5be7ba03928a05757f085572f61c32
l'hiver (m.);der Winter;;182;64b5e97da4bed741769b2ae46892e795
en hiver;im Winter;;202;7ec7c26c3f894b6d81de01f50567b277
en été;im Sommer;;226;2fea08eddf3e8842f62dbd774c750975
en automne;im Herbst;;249;da0e7480cdfbb733ece7da739257d727
une découverte;eine Entdeckung/Erkundung;;364;5e3ad5cb333ef0da7fc35646dcb409fa
partir à la découverte de qe;etw. erkunden gehen;Les touristes -1 des monuments.;411;729dbdf4ccfcc06a832e63cc9471e9a3
vieux/vieil/vieille;al;Quel âge a ton père? - Il a 40 ans. Il n'est pas ~2.;434;3762e562a20acb74571df270f139f8cb
Clermont;alter Stadtkern von Clermont-Ferrand;;477;993eb5a204087d8a3b76a1dd4fe901c6
le vieux Clermont;das alte Clermont;;524;a53cc22bee9997242173bd3afb6c8a92
Pascal;frz. Name (Blaise Pascal, 1623 - 1662, Mathematiker und Philosoph);;545;ca693a8ccfa2cd3464d532afdfab31c5
la rue Pascal;die Pascalstraße;;637;9a01edd97f29d99e74c62759a5a3b5af
un hôtel;hier: ein herrschaftliches Stadthaus;;662;0716b979a2a350245dab24a4daf5db7b
un vieil hôtel;ein altes Stadthaus;;705;b4b9f6f6e6038693495ee19a094e0cdb
Mira l'a déjà vue. (= la cathédrale);Mira hat sie schon gesehen. (= die Kathedrale);;729;bc0e309b2c25db7a63d935db1d84a60d
un toit;ein Dach;De la tour, on voit les ~3 des maisons.;795;9d27a6ad067fcc92b89f56463a6ad8dd
une vieille ville;eine alte Stadt/Altstadt;;819;61509835fd79fcfb54c0b2982f29115a
en vrai;in Wirklichkeit;C'est une mauvaise photo. ~ Isabelle est jolie.;840;d0dda7ca92c4117841e8171c1ab39d64
à vélo;mit dem Fahrrad;Tu viens ~? - Non, je prends le tram.;909;bf7be1d6a3c4bc9dd24279e5107e732d
un/une automobiliste;ein Autofahrer/eine Autofahrerin;Les ~4 ne voient pas toujours les vélos.;933;d1135a76611e968d9f094b03be7d5469
une portière;eine Wagentür;Regarde derrière. Puis, ouvre la ~.;978;9337d27876ad485f4a672b8f4ca55276
un accident;ein Unfall;~ est vite arrivé.;1000;a42953a871e509046c58f27649c88262
bloquer qn/qc;jdn./etw. blockieren;;1024;9840fed6866cefbc1f76e2509fda872b
klaxonner;hupen;Les automobilistes bloqués ~5.;1045;36d4783d71bdbd043f128e3f87b79306
manifester;demonstrieren;Les étudiants ~5 dans la rue.;1113;4b14ada2c17088f7d4feaca477145d7c
des travaux;hier: Straßenbauarbeiten;~ bloquent la rue.;1136;71004656b126cba28fa12b18bb38cc2e
la place de Jaude;Platz in Clermont-Ferrand;;1182;7bbe05c5804f334a47a8f00ce03b4542
une université;eine Universität;Il fait des études à l' ~.;136;54ecfdefee35c93126f47f64d994d9ee
rencontrer qn;jdn. treffen/jdm. begegnen;Devine qui j'~1 la semaine dernière!;161;47edf45fcd6e96036a9e77da29f013cb
un pot;ein Topf/Glas;;206;5da43d917294bd7b78c81a010c03f3a5
prendre un pot (fam.);einen trinken (ugs.);Quand on rencontre un vieil ami, on ~2 avec lui.;231;d737d04e4617da9cd0cdbffb667b1790
en ville;in der Stadt;Faire du vélo ~, c'est dangereux.;274;d5a18dc08fafb66a482780cf03666a98
une ambulance;ein Krankenwagen;Un accident! J'appelle ~.;297;bc44023286e4bbb3c0a78b8154715b63
hier;gestern;"+ demain; + aujourd'hui";319;24072372acf322fe3f6b1ed476750b44
un poète;ein Dichter;Il écrit des poèmes. C'est ~,;343;09d153350aa15eaad1ac910bb0056c81
Vercingétorix;Vercingetorix (72-46 vor Christus, Anführer der Arverner, der Gallier der Region, die heute Auvergne heißt);;369;18e83a5e2c9f377962a4f22f51d224be
un guide;ein Reiseführer (Buch und Person);Le ~ parle des monuments.;502;7c5961bf86c1ba5e662735fb90ddcecf
l'Auvergne (f.);die Auvergne (frz. Region);Clermont-Ferrand est en ~.;550;5518d41149b7a5db9bd807fa0d3decce
un marché aux puces;ein Flohmarkt;;685;bd4fca5ec511586ce075f25ef38ef0b3
une tasse;eine Tasse;;707;00a9156c5ee01623ff8b70bd6de968e9
un Canadien/une Canadienne;ein Kanadier/eine Kanadierin;;730;c8a8f6b539d1ba84cbcf0f804dc85f69
un office du tourisme;ein Verkehrsamt;;775;9d4363d83729af8c9bcb0efe247c0a0b
un appartement;das Esszimmer;;187;46465464b0e14fef7272fec94ae763df
une pièce;die Küche;;209;73247b6df0be8617bd05811760307464
l'entrée (f.);das Badezimmer;;231;dc150c38be2f946ec756fa72922990b8
la salle de séjour;die Toilette;;256;3423ec6c8b0caa02f0767b74a4c0fbed
le salon;das WC;;276;895072e26d5fb8eac2232a050aadfc66
la chambre;das/die Arbeitszimmer;;298;02cdc15c30a713888781c8f65b750f30
en janvier;;im Januar;816;9e7a2cfcb3e147f198294e1f517cfb5d
au mois de janvier;;im Monat Januar;839;439451153e4cd64a4569afcc21b4e092
Monnin;Familienname;;298;0ec2ef2e29e231ee031d0f4310b94077
un fils;ein Sohn;Les Sorel ont une fille et deux ~,;323;049eed08fa0518df92e0c21a06ba8c16
le divorce;die Scheidung;Après ~, Sébastien est resté chez sa mère.;345;1e8c3eecac9a728deee0bc00f0ffb2ca
un déjeuner;ein Mittagessen;Le ~ est le repas de midi.;370;22311321814d99b5082f722355382ea9
le dessert;der Nachtisch;A la fin du repas, on mange un ~,;392;17632c44f8d20142232c692ed92563c8
Les voilà au dessert.;Nun sind sie beim Nachtisch.;;414;62f6c181b39174ed57502031f7521db3
une mousse au chocolat;eine Mousse au chocolat (Schokoladencreme);La ~ est un dessert.;461;7475f52e30eddfdbc9c3cc63409f322c
du jambon;Schinken;Achète ~ pour le déjeuner.;528;c97275b59253e6ecf098783e44d6fb3a
une entrée;hier: eine Vorspeise;Le déjeuner commence par -.;551;2cb5bfde29c44b414d5ed12ed8a278cb
un coq;ein Hahn;Le ~ est le symbole de la France.;575;984b8b4c31cbda6cda2c0d867c040c9d
le vin;der Wein;Il y du ~ rouge et du ~ blanc.;595;2512b1bdeb2da7bf0d001aa1051fc041
du coq au vin;Huhn in Weinsoße;Mangeons ~ au déjeuner.;619;d2aec3fa48ea2dd8322ee11ccfa6e225
le riz;der Reis;Vous prenez votre coq au vin avec des frites ou avec du ~?;642;242c1f91f98daa56aaa9144b67d84240
le plat principal;das Hauptgericht;Le coq au vin est un --.;689;52b4344990914dc1b151e02e25043ece
comme plat principal;als Hauptgericht;;711;4d688e42737c71a3fcd1995c37d44030
de la salade;Salat;Après le plat principal, il y a ~.;732;d6f59da75be88f33ec0e78b332572810
le fromage;der Käse;~ vient avant le dessert.;755;204653534b04645d518a5aa7abbf9626
le café;der Kaffee;;777;9d955f84e0e42e4d23d8199f7536a50e
Je veux bien.;(Ich möchte) gern.;Du café? --.;801;6229b005d1c0bcec716675956f8ba154
décider qe;etw. beschließen/entscheiden;;823;37ddf14af0126bd3bae631c2cb1f4dd2
décider de faire qc;beschließen etw. zu tun;J'ai -1 ouvrir une boutique.;869;acf46e998379046f5950be87a7023695
une boum (fam.);eine Fete (ugs.);- une fête;891;ada77b0dca9c920540c6879cd5fc635a
samedi prochain;der nächste Samstag/(am) nächsten Samstag;Mon anniversaire, c'est ~.;915;b53c3c70cea1475a00ef2178c9db0c60
le bruit;der Lärm/das Geräusch;+ le silence;981;6241d174221d4649a7480603b1dc47d7
en plus;außerdem;Il est intelligent. ~ il travaille beaucoup.;1005;c47743ab5b3e4d05dcb41894e6c992bf
Je te l'ai déjà dit.;Ich habe es dir schon gesagt.;;1029;6c658f0e1e2383a9baf0d6997f3ad1eb
promettre qc à qn;jdm. etw. versprechen;Ses parents lui ont ~2 un cadeau.;1075;22b1966db6e00031f1031bcfc2ab0c67
baisser qc;"etw. (ab)senken; hier: leiser stellen";Je veux dormir. ~ 3 la radio, s'il te plaît.;1095;7d91b3a60e8672f368ed954ca473a57c
continuer à faire qc;fortfahren etw. zu tun/ etw. weitermachen;Un élève lit. Puis, un autre ~4 lire.;1140;2a627017f6cfb1f33f11c42d765b7807
la préparation;die Vorbereitung;- préparer;1186;f4625bf8f01d212b9e73bb83bd0914b3
le buffet;das Büfett;;1209;281d1ccf819ef5c9f4dd95d0a3fac050
un invité/une invitée;ein Gast;- inviter qn;139;beac96d715e78eec42cfc7d2c36f203e
la contribution;der Beitrag/Anteil;;162;6d17e7db4598fd4307a4643e070181d0
mettre qn à contribution;hier: jdn, auffordern etw. mitzubringen;On ~1 les invités ~2? - C'est une bonne idée.;185;0a78448e198a2e29faf69b0c2131e04d
Okapi;frz. Jugendzeitschrift;;230;16e0714b2b60cefbc400975eb3fb6a9e
une cerise;eine Kirsche;Les ~3 sont rouges ou noires.;254;4e28dfeb454b199ab541baface47a7d7
un clafoutis aux cerises;Süßspeise aus Eierkuchenteig und Kirschen;;278;944cfbd342c96a23bb45f87a40801c78
préférer qc;etw. vorziehen/lieber mögen;On fait une mousse au chocolat? - Je ~4 le clafoutis aux cerises.;345;129366de2189dba3f158b6db24890a5f
préférer faire qe;vorziehen etw. zu tun/ lieber tun;On sort? - Je ~5 rester à la maison.;390;970102641901bb0e77691d6f827040fd
une boisson;ein Getränk;Le vin est ~.;436;49429e2414026f61190c15c665acf3bd
le coca;die Cola;~ est aussi une boisson.;460;acd426c5c279d07c17c30642b5644cbe
la limonade;die Limonade;;483;905c794cd3d5a3fc969ab8667468b23e
l'eau minérale (f.);das Mineralwasser;;507;4a7f3b1e7bf110b8e2bc091cdc3cbf91
de l'eau minérale;Mineralwasser;Il prend ~ avec les repas.;529;80806414fdf4fbf49f29388c7e3f2609
un jus/des jus;ein Saft/Säfte;;552;790b8533caf4f7a56600896370dbe8c7
un jus de fruits;ein Fruchtsaft;Sa femme prend ~.;575;d3a254992bf69241f93d5e3fd7f28fa3
falloir;brauchen/müssen;;595;9fdd50b3254813469ad81297c42b3978
il faut qe;man braucht etw.;Pour bien travailler, ~ du temps.;618;d4c0fc4ab0a3f2f03460d336be5a51e6
il faut qe à qn;jd. braucht etw.;Il a soif. - 6 une boisson.;642;d54047a0762c1f0933ac83a9877b2730
il faut faire qc;es ist nötig, etw. zu tun/ man muss etw. tun;~7 aider les pauvres.;664;34a2893dd9d4f13a7ee5204904f8d2b2
il ne faut pas faire qc;man darf/soll etw. nicht tun;~ mentir.;710;cbfa33122d4db12a89b5219509d18244
la bière;das Bier;Vous voulez de ~? - Non, je prends une eau minérale.;757;925cfdd1fdf7f8092c761ed31b860599
Jean-Pierre;männl. Vorname;;800;719987871056615416a0d6003db20f48
un avis;eine Meinung;;821;c6a8618c937c28c1f46ffec1edb3b844
à mon avis;meiner Meinung nach;~, ce fromage est très bon.;845;38e458a1e01fc190b534b1c1934a1646
Je ne suis pas de ton avis.;Ich bin nicht deiner Meinung.;Je trouve le film super. --.;870;fb9f25a4ab31f8ddc3390b0a3103fda2
l'alcool (m.);der Alkohol;[F = -- c00- - - > [D] = Alkohol;915;ccadb5b0dbded282b949776789eb60b6
accepter qe;etw. akzeptieren;Je n'~8 pas tes accusations.;937;9f4ec354a9ebecf0ba52aaf24214c275
un rôle;eine Rolle;[F] = un -ol- +-+ [D] = eine Rolle;1050;48b2289c2361381eed6dc55a49b0e6d9
le the;der Tee;F=h + ++ D = Tee;1071;c6915526cfbe32f378215ecd86a15552
Marc;mannl. Vorname;;1093;3f5a69faf0367be56dfb23b17ae736a6
Stéphanie;weibl. Vorname;;1117;a7ec3ade506a1745257be9ab5e746497
le sucre;der Zucker;;1141;5d430ef7cf63475aaa85cac77934a644
un jus de pomme;ein Apfelsaft;;1166;a82ce897b75b9b76e0ba7b7f461b9d77
une chaîne hi-fi;eine Hi-Fi-/Stereoanlage;Ecoutons de la musique avec ma ~,;205;b5da72b6f6ea01e5c4646111f97780e4
un coin;eine Ecke;Je l'ai rencontré au ~ d'une rue.;248;541fe4daaf6b3f8f510397f5570a0b3c
un couteau/des couteaux;ein Messer/Messer;On met le ~ à droite de l'assiette.;320;1ed640bed79576f2d91efc9f233dbc0c
une cuillère;ein Löffel;On met la ~à côté du couteau.;343;8dd4e364bf56d1ab5def71261e20eae6
une fourchette;eine Gabel;On met la ~ à gauche de l'assiette.;365;f3b8894f99a4cff1f1c0250a49f925ce
le pain;das Brot;En France, il n'y a pas de repas sans ~1.;386;eac1ccf3d84635264f25fd2fe6c01379
aller chercher qc;etw. holen (gehen);Il ~2 du pain à la cuisine.;411;b8606959922c51430af46aa2fe93a645
espérer qc;etw. hoffen;;435;1fb48bf635e874b88ca24af1cbbf9ca1
espérer faire qc;hoffen etw. zu tun;J'-3 te revoir bientôt.;456;3ec4d47517c0715fb2aad9710a42dc8b
J'en ai acheté dix bouteilles.;Ich habe (davon) zehn Flaschen gekauft.;J'ai du jus de fruits. ~.;478;f42b508d0e7b40d6acd47274e4d16fcb
boire qe;etw. trinken;Elle ~4 seulement de l'eau.;523;c27d43ef38f8952ba8209423b7518a24
une salade de riz;ein Reissalat;Après cette ~, tu n'as plus faim.;546;d089989aa23d068af04d3472ff105e4c
un cocktail de bienvenue;ein Begrüßungs-/Willkommenscocktail;Prenez d'abord le ~.;570;d9a7eafb1fd7bc6be629818b764dff45
un mélange;eine Mischung;Un cocktail est ~.;615;a0f8801effdbe30e89e49e18451d0539
Franck;männl. Vorname;;638;f4a77acf03e969bbb2b99fee35d137fb
réussir à faire qe;gelingen etw. zu tun/ etw. fertig bringen;Il ne ~$ pas à ouvrir la bouteille.;661;8c95e7bd1df59d825a66eb202ea091ca
l'appétit (m.);der Appetit;Bon ~.;708;c8752a351c5addac8841e8e0bd2a8ff1
un saladier;eine Salatschüssel;-+ la salade;728;bae75b8add16bf10ca46ef21adb59314
enlever qc;etw. wegräumen/wegnehmen/ausziehen (Kleidung);Vous avez terminé? Alors, je vais ~ les assiettes.;751;e4c6d8135c1c2f1890ec381a5aed3d51
une serviette;eine Serviette;;818;48ed103d26b0f6affe89fefa65604687
plus tard;später;On part maintenant? - Non, -.;841;4ef57f78db75a866a2eb35bae5c3a7f2
Karima;weibl. Vorname;;863;89fa8dcd8e0bf3ba4904bc1b444d50eb
une tarte aux pommes;ein Apfelkuchen;Pour faire ~, il faut des pommes.;888;1d25c53a885010bf1af79096541f60fc
une quiche;ein Speckkuchen;;908;64ae1540595227ec00c8ddb33bd2c376
Clément;männl. Vorname;;931;21b4a9849777a3fc4a95f79847965a86
un succès;ein Erfolg;[F =---- ès + + [E] = success;958;f52aad2ed759b400daedcadc643c8245
choisir qc;etw. wählen/aussuchen;Au restaurant: Qu'est-ce que vous ~6?;978;bad2204ae263d898e375054184577ce2
comparer qe;etw, vergleichen;En classe: Luc, ~ 7 les deux textes.;1000;ba765671d3c85606777efdf1f6fdb661
Il n'y en a plus.;Es gibt keinen mehr (davon).;Il y a encore de la salade? - Non, ~.;1024;d3c59cd2566454a7631e793ec75b4516
danser;tanzen;F = ----- -- > [E] = dance;1069;e13daa15343b8c894ebb92c7b326975e
finir qc;etw. beenden/mit etw. aufhören;Ouf! J'ai ~ª mon travail.;1091;d7c7421385953f8ab40ff3f0e656f259
Tout est bien qui finit bien.;Ende gut, alles gut!;;1138;ff219e48e78fdf6cc315a2041e6f5671
Qui est-ce que ... ?;Wen ... ?;- ~ tu cherches? - Mon petit frère.;1161;ab68bef6248e54cb5e01b8f9de590ba7
la main;die Hand;Je ne sais pas écrire avec ~ gauche.;1183;98f6428aa95de4dada184a9481ab842b
trois quarts;drei Viertel;;138;7fe839c1f3af68acce39f33210db58d1
le gin;der Gin;;162;14a873f41062bd1aa3731495393da0e5
réagir;reagieren;Il joue bien. Il -1 vite.;183;bff99ee955d7f2a1319e73c7d371cdd7
réfléchir;überlegen;Quelle est la réponse? - Attends. Je ~2.;207;9b4e57f9e57ca1d37d269bfe1674c4f1
au petit déjeuner;beim/zum Frühstück;;346;1a00fbb3e5379018e920edcc28d5d19b
la camomille;die Kamille;;370;3281515ddcc8770053398b073cd87528
une infusion;ein Kräutertee;;391;59beb8e50a759e4d3ff7051577655df6
Le Puy;Stadt in der Auvergne;;415;c438ab86bf18394b94a5d92b5257bc0a
la pâtisserie  Backwaren;den Teig leicht machen;;574;512a29aec70ccfc6cbe7ba350a9fa2ed
une personne;langsam/allmählich;;618;eb9e798fdd28f4a1fb80d433805dd741
un ingrédient;der Rest;;641;39965b566561ba0cadca0af16ad7543a
un gramme;etw. entkernen;;686;2c42e10f72aca3417d1b7f8c2749ffa5
un œuf/des œufs;eine mit Butter ausgepinselte Backform;;733;5fbdf8bea5c32d550ed40006a2c6c30c
le lait;etw. backen;;800;6d90c903bd4760d3e3de244235e39468
une pincée;hier: bei hoher Temperatur;;821;147aea10fee2c3f13eb9024c4c459e4f
mélanger qc;mit etw. bestreuen;;869;b9c6ce25f29dd10ef1d21f062c78e011
à nouveau;lauwarm;;959;2fd49079a53dbad361b2163bc6b55c0f
travailler qc;kalt;;982;d5377246bce6ce65e9a5ee701bb98777
un adolescent/ une adolescente;ein Jugendlicher/eine Jugendliche;garçon/fille entre 12 et 20 ans;298;e7b52952afe24f9932d9f4705b6b0661
un/une ado (fam.);ein Jugendlicher/eine Jugendliche (ugs.);;344;34aec66d851bc753a7f1b93c680aabab
Radio Ados;frz. Radiosender für;;389;f46ee7d339009a3726532f3ee3e94c5f
Albert Camus;frz. Schriftsteller, 1913 - 1960;;437;fbf0c13e759604506e095ccba3489f71
une station;hier: ein Sender;Europe 1 est ~ de radio.;526;f89a3b1c791a140538543ebc6bdf712d
un principe;ein Prinzip/Grundsatz;;551;3b8862f0d12fc95251c5a3dede164d1b
un auditeur/une auditrice;ein Hörer/eine Hörerin;Les -1 écoutent une émission.;571;7e034dfb859c137c30aecf2a6830b152
un studio;ein Studio;;594;e6f2c7513d9db0c7b78e90d0db93a3b1
direct/directe;direkt/unmittelbar;;618;598da37758f9f76a0a806faa54369302
en direct;direkt/live;« Découvertes» est une émission ~.;641;c462289b4e399d270d2b131bfde3d002
par téléphone;telefonisch;Elle m'a invité ~.;663;3e22ab15a54f6a0bae6465e0ed0822dd
un côté;eine Seite;Je dors toujours sur le ~.;684;989ab736b4fd12ba5b2cd286c50d239d
a ses côtés;neben ihm/ihr;On le voit toujours avec son chien ~,;706;7b8e79c0c0b96f849cbe5f7365132066
Fabienne;weibl. Vorname;;732;42c8b89b6cd6c4c2ab9beefe4279c03b
Costa;Familienname;;751;6f50b8c8a110c2c710cbcd28fde3713c
un chanteur/une chanteuse;ein Sänger/eine Sängerin;- une chanson;776;d22c5e4f4be6167d5cbdcdf33c8eb400
Gilles;frz. Vorname;;822;df02ff5f8ec66e21c657caeaa6a599fa
Gilles Floret;frz. Popsänger;;845;c2bc679635b5b3d782538c3b62ef366b
une séance;eine Sitzung;;867;1c5faaf158c3dbb452fc5994b978e1a0
une séance de travail;eine Arbeitssitzung;Papa rentre tard. Il a ~,;888;f0f17a1df311a9ddc8270689c1c1a92c
critiquer qn;jdn. kritisieren;~ est facile.;913;19b6b400b62df64813083a1833e3517e
Delphine;weibl. Vorname;;936;ef63f8c1c585b76358db9f9b41ddf6ff
contre;(da)gegen;;958;dc1aa382f87fa23b9081c0b75519f6fa
"génial/geniale; pl. géniaux/ géniales";genial, großartig, toll;Tu fais une boum? C'est ~.;982;104a76ed79072da95b51186974904b7e
Serge;männl. Vorname;;1026;c7946352d49774fb0ac313108da8eced
rire;"lachen; hier: scherzen";# pleurer;1048;d55557527220783a3aa91bb4c0ab6cf4
croire qn/qc;jdm./etw. glauben;Je ne le ~2 pas. C'est un menteur.;1072;e173a76ea088fefd07b25f741cc170ca
avoir raison;Recht haben;Je crois qu'ils -3.;1094;13affc3609d3a35afa9173f955858ed3
passer qe;hier: etw. bringen/spielen;Je ~4 mon nouveau CD?;1117;e12c11709ff13c5496df900a5849b6b1
préféré/préférée;bevorzugt, Lieblings-;;1162;d7d7e86a551682c55db8107a3f0ccebe
le chanteur préféré;der Lieblingssänger;C'est un CD de mon -.;1184;8f14dc2275eb23fd5349aedaba32e06d
une parole;ein Wort;;140;d29fc0044edcd36ad8e5cdad4be0ca16
laisser la parole à qn;jdm. das Wort überlassen;Aujourd'hui, nous ~1 aux auditeurs.;163;fb70cf73a1feb4bc587a915502c6f39e
ne ... personne;niemand;Qui est là? - Je ~ vois ~,;185;3733082a2931c08bddbfbd1bb2919f1f
Fanny;weibl. Vorname;;208;23c619563cfd2629c35dbccbef1db047
sentir qc;etw. fühlen/riechen;Je ~2 qu'il ment.;231;f2dadd4015ec28a30e80e45f9cf7c0ea
le trac (fam.);das Lampenfieber/der Bammel (ugs.);- la peur;255;21adf79213956a84797efa227c7b133c
avoir le trac (fam.);Lampenfieber haben (ugs.);C'est la première fois. J'~3.;300;17790ad2045d6163fa0fc1c1d3c024e0
changer qc;etw. ändern;;414;e475fa3b61cc58ef7bc0906986308508
une sorte de qc;eine Sorte/Art von etw.;;437;ff7016251653b757f3a064289844f6f6
exceptionnel/exceptionnelle Floret est un chanteur ~.;außergewöhnlich;;551;0340810df1a6f96e7ad978c91fd936e8
un numéro exceptionnel;eine Sondernummer/ Sonderausgabe;F = un -- m --- +mer;575;4e02dd015a5781dba05c3068d92b280a
pendant que;während;Tu peux faire les courses ~ je prépare le repas.;620;4b69897de993421617e1c9e3cd9face5
un appel;ein Aufruf/(telefonischer) Anruf;-+ appeler;665;9f540156a48ce9ceb41facd4e155beb3
une star;ein Star;[F] = une ~ +-+ [D] = ein Star;709;0d5a2ec8016164be9c708677ce707dda
il est né/elle est née;er/sie ist geboren;;731;94fb7b1fa056dd983180d6a628f3d487
en 1966 (= dix-neuf cent soixante-six);(im Jahre) 1966;Gilles Floret est né -.;755;ecb9c499fbd57071b59df038b5717a3f
Il est né le 26 janvier.;Er ist/wurde am 26. Januar geboren.;[F = ~ le ~ ++ [D] = ~ am ~;799;212f20ff303cc9b76963c46625581969
Courpière;kleines Dorf in der Auvergne;;845;7ceb74ae7fab02ae4ae3cde6fefaf981
un village;ein Dorf;une ville;890;aef18c0e236682415d5ca9c633ae8608
un agriculteur/une agricultri- ~ habite dans un village. ce;ein Landwirt/eine Landwirtin;;915;b7e426cd5780ed5a995eff7d2e7c583f
un paysan/une paysanne;ein Bauer/eine Bauerin;- un agriculteur/une agricultrice;960;4dd02327c9db55560ae2de5601ec7072
exact/exacte;genau, richtig;Il est génial. - C'est -.;982;db676bf12f1e295192364f24323f3221
une époque;eine Epoche/Zeit;;1031;d96481ce2b7d3f42a1fa4b3f8e516e14
la campagne;das Land (im Gegensatz zur Stadt);A ~, il y a des villages.;1050;bf33243aff499e55314efff6308a15ef
de la campagne à la ville;vom Land in die Stadt;;1094;bf2d11caa4ecd4abb293dfd73db60348
un chapitre;ein Kapitel;~ est une partie d'un livre.;1117;bdd745493f55fe7de5deda30f3427a23
le lycée;entspricht der Sek. II/ der Oberstufe des Gymnasiums;Les Français passent trois années au ~,;1140;6f1ed0b02e5125a58b75da3bd10f8843
devenir qe;etw. werden;Il veut ~ ingénieur, comme son père.;1209;1e5e62caa639d8df772f17592550c4f5
Anne;weibl. Vorname;;1233;19fdf51d7001bd6430bc30fcaaa570c5
Comment était l'ambiance?;Wie war die Stimmung?;;139;2fb19f82aa41b3088ac2909db4c3c877
Est-ce que vous aviez des profs sympa?;Hattet ihr sympathische Lehrer?;;162;5f519a140ed9b1484d1a5a7ccfff84c4
sérieux/sérieuse;"gewissenhaft, seriös; hier: fleißig";Il travaille. C'est un élève ~.;206;e1544dced7bc6100f43df7fc846a2591
Je n'étais pas très sérieux.;hier: Ich war nicht sehr fleißig./ Ich habe es nicht sehr ernst genommen.;;252;092472de243d5d1679214b325c1bfcee
la moyenne;der Durchschnitt;Je dors huit heures en ~1.;345;1b8c5e121a8ba8f4acc87abf7c2813b0
avoir la moyenne;ausreichend stehen/haben (als Note);;366;f9084f0f9491e857009d6dea982533b8
je travaillais;ich arbeitete;;412;b340c579b41616bfe3cb753169a919b5
une matière;ein (Schul)Fach;L'allemand est ~,;434;20dc4065da22f56f93c8195788074463
une note;eine Note;;459;00524be35464b34d78afd96db646395d
Qu'est-ce qui ... ?;Was ... ? (Fragepronomen, Sachsubjekt);~ te plaît ici? - Rien.;481;faffe80bcee416d25d20f5ea9bbbc1bb
Qu'est-ce qui t'a donné envie de faire de la musique?;Was hat dich darauf gebracht, Musik zu machen?;;527;49513d26f18265a5ba71fdb5a7f7af5e
chanter;singen;" un chanteur/une chanteuse; une chanson";594;ef884f6136a06b4d770ca505bfd047f9
à l'époque;zu dieser/jener Zeit/ damals;à cette époque-là;641;d3ba6511b7786584b5a067c5e2d9a6ee
un rêve;ein Traum;- rêver;684;9c8f172f6278bee74f0d017e4008164a
Vanessa;weibl. Vorname;;707;91273e8cfb21c51c025ce8de2a9231ee
Qui est-ce qui ... ?;Wer ... ? (Fragepronomen, Personensubjekt);qui;732;b1c801bb65150aa4a876b8f837b6dcce
Qui est-ce qui t'a donné ta première chance?;Wer hat dir deine erste Chance gegeben?;;799;8ea4a508be5fc96e4316df3c034bf919
créer qc;etw. erschaffen, hier: bilden;-+ un créateur/une créatrice;846;a45e616270ebd826ff8202ddfda133fd
vendre qc;etw. verkaufen;+ acheter qc;889;4f02eaa955b2dda23abba6c590906c7a
nous-mêmes;wir selbst;Nous faisons tout ~,;912;4b0b1c1a8d15ee004b2f9a47fa20e680
marcher;"gehen/laufen; hier: klappen";Ses études ~2 bien.;934;4821fad439b61317f7073b462587df69
même;sogar;Elle est très intelligente, ~ géniale.;980;cd8c5826c7506a5dcc53ea0bad4eb3a3
un producteur/une productrice;ein Produzent/eine Produzentin;une ------ trice - une auditrice;1003;0ff076a126028dd12ea1adbf0ced76b4
un disque;eine Schallplatte;Son premier ~ a eu beaucoup de succès.;1048;c10a03832dd9916931ac14a792c0b1a3
un poisson;ein Fisch;;1206;9bfa5cecbc69b05986189b9edacb6eda
la date de naissance;das Geburtsdatum;;1230;829f3714fd3f2c52d790e4b282923bbe
une cassette;ein Radiorecorder;eine (Musik)Kassette;501;515fe93653b19d1a66fa5839d428c3b2
un CD/des CD;ein CD-Spieler;eine CD/CDs;524;0f31296dc6f5aed4c8bedea26100dfe6
un disque;ein Plattenspieler;eine (Schall)Platte;547;c10a03832dd9916931ac14a792c0b1a3
une chaîne hi-fi;ein Walkman;eine Hi-Fi-/Stereoanlage;570;b5da72b6f6ea01e5c4646111f97780e4
une videocassette;;eine Videokassette;593;08d03d6dddd024abec0f5b120c02cd11
* un magnétoscope;das Fernsehen;ein Videorecorder;616;395ee4d066385605d25e2345f6c39f7d
* un magnétophone ein Kassettenrecorder;das Radio;;639;ec2823e689cbc4ebcd5441433050e9a5
quelques;einige (wenige)/ein paar (+Nomen);Dans le texte, il y a ~ fautes.;298;f43ceebed15ec14aff32b7583779c52a
en principe;im Prinzip;;343;20db7c5a4e82b661a555a08581e319c8
important/importante;wichtig;Pour une star, le public est très ~.;366;13a88fa5b38f15c1d5c3ae35294cd5ff
quelque chose d'important;etwas Wichtiges;Je vais te raconter ~,;390;1e00b0378b832c1a18dd654b6449fea5
ces derniers temps;in der letzten Zeit;~, j'ai été fatigué.;411;bd60abc9d9eb5eee6967eb9610d934dd
le chômage;die Arbeitslosigkeit;;436;4b804d1fbe7e437179ec4ffec3ff3cef
être au chômage;arbeitslos sein;Il ne travaille pas en ce moment. Il ~1.;458;884112bc5d4c0ab9b654553ed31a3377
Michelin;"frz. Reifenfabrik; in Clermont-Ferrand ansässig";;481;50a845522f8600765b20e9db8f7c78d2
un métier;ein Beruf;Elle est informaticienne. C'est son -.;548;27bcc913f261ac0be1c6549283951e9e
essayer qe;"etw, versuchen; hier: testen";Son métier? ~ les nouveaux modèles de voitures.;572;d254da8b51636a36f54d03040d79e2cf
essayer de faire qc;versuchen etw, zu tun;J'~2 faire l'interprète.;617;015bbe72b7b16c512b13f86b74b11ab0
un pneu/des pneus;ein Reifen/Reifen;Monsieur Forestier essayait des -3.;640;c1e6eac95616cca490684d6afc65bf78
une route;eine (Land)Straße;Entre deux villages, il y a -.;662;89b95252d0bbfd45e727992f428e1f94
un licenciement;eine Entlassung;+ licencier;730;4fb63dc313e0818ff7f7bb74a354f444
le début;der Anfang/Beginn;+ la fin;752;c4e06807ba38feae72ad17df80ea3870
au début (de qc);am Anfang/zu Beginn (von etw.);Janvier est ~ l'année.;778;9fbe0f258ed07f82b6ccd000c9bcdbac
prendre mal qc;etw. schlecht aufnehmen;Mes parents ont ~5 mes mauvaises notes.;823;2a43a7ea9ed72ada017e5d73a31f2656
vivre;leben;- la vie;864;e037b090f08880fe4ed636faf03dca29
vivre qe;"etw. erleben; hier: etw. durchmachen";Elle a ~6 des époques difficiles.;887;57e8782ea44049df712d8709aebe33fe
tout/toute;ganz (+Nomen);~7le problème, ~ 8 la difficulté est là.;936;433a5bac0bbb4170711d695f90950326
tous/toutes;alle (+Nomen);Il connaît ~9 villages et -10 routes d'Auvergne.;958;9e468e5e384066ec87617da624e51ec9
une région;eine Gegend/Region;L'Auvergne est ~ de France.;1002;8084ab443bc97a5797ead782c795b35f
une station thermale;ein Kurort/Badeort;En Auvergne, il y a des ~11.;1025;cc3478b8ac98e52c9db4951f54b10657
plus intelligent;intelligenter;Il n'est pas bête. Mais sa sœur est ~_ 12.;1048;fc94f0a93d8162f5af7dd104b29400fc
Forestier;Familienname;;1071;4cab76d01273cb362f645a2547e72f61
une entreprise;ein Unternehmen/Betrieb/eine Firma;Il a créé ~.;1093;ef7b7094254bfedadd72decd3ef03f6e
un ballon;hier: ein Ballon;;138;88b1ea373beb7bd33197e087af6e9a96
une montgolfière;eine Montgolfiere (Heißluftballon, benannt nach den Erfindern, den Brüdern Montgolfier);~ est une sorte de ballon.;163;3cc53877d6326c94a960d9bf23cb385f
le ciel;der Himmel;~ est bleu ou gris.;277;2c210d593e30ca2a31c400317ca120fd
survoler qc;etw. überfliegen;Le ballon ~1 la campagne.;299;09cfba892fe45ff03c415064d4b2bfe0
un volcan;ein Vulkan;L'Auvergne est une région de -2.;319;a4320c2b6834b7edcf6c717442d0241a
un spectacle;"eine Vorstellung; hier: ein Anblick";"Paris vu de la tour Eiffel; quel ~!";344;e13244aeaf408cbc038012987833a443
excellent/excellente;ausgezeichnet, exzellent;;392;193b963d51e46b07a18a90612101d50e
la publicité;die Werbung;- le public;481;c60cf1275fcca904ac4ef3a164019db9
tout de suite;sofort;Tu viens? - Oui, ~.;528;a6c092c3ad4e772df2bd9fe3f25948ea
passer par là;hier: (gerade) vorbeikommen;;551;f1c8b13879a8b032e2a98bbf7e219531
ranger qc;etw. aufräumen;;664;eca33101f7b3a65fc278e0b9d4e31fdf
une fenêtre;ein Fenster;[F] = une ~ +-+ [D] = ein Fenster;686;342fe0c4e09df0a8f5e8394305f1d106
Elodie;weibl. Vorname;;707;41836e89a72c4bede3540193901f5b35
la danse;der Tanz;F = la ~ +-+ [D] = der Tanz;731;2fa23eb065ea120bf0f826148aba4d2d
un danseur/une danseuse;ein Tänzer/eine Tänzerin;;754;f7ea98251f45b66aef0eed5dee97e4f5
un vol;ein Flug;;801;e89ff832ffd0b6743c7d376eab2495e0
rentrer dans un arbre;gegen einen Baum fahren;;821;fe3fdf185295993b4a0717e386bc122d
la réalité;die Wirklichkeit/Realität;;866;8829e9ceef92fbd941f8b0e39b8f069e
en réalité;in Wirklichkeit;;912;300baf6515bb0f410140bf9bf12fec8f
au-dessus de qc;über/oberhalb von etw.;Le 1er étage est ~6 rez-de-chaussée.;1027;50e27bbec7c7847b578fb20a35e0e9a1
Forestair;hier: Firmenname;;1047;9f869729ddc8b538fbc573121bcef567
l'activité (f.);"die Tätigkeit; hier: der Betrieb";L'entreprise a commencé ses -3.;1071;ffc9cef30608345547c7eab778e165b1
voler;fliegen;- le vol;1117;f3b9de0b61b878188ba42055e0bb3494
plusieurs (inv.);mehrere;Elle a ~ amies.;1140;29dd4ed27314bea592faa3c12c70129e
un/une journaliste;ein Journalist/eine Journalistin;Cette ~ a fait une interview avec M. Forestair.;1162;57712f5c98b3258d6fd9415b45e43539
la nature;die Natur;;141;4d6b6fcc6c7ad8c1682ded31e73c247b
un parc;ein Park;;165;24e515e4360d1617a499b50f8327c196
un pilote;ein Pilot/eine Pilotin;;188;224e6997fa8cd1e3848286b051808f0e
un reporter;ein Reporter/eine Reporterin;;212;4ca48c6948f67877202311d3846d5fd3
un article;ein Artikel;Un reporter écrit des ~1.;254;3f52f406b19a39f2ba82f15d0e333e1e
le temps;die Zeit/das Wetter;;279;802f4b2603a918fe2fc9cf0239cab21b
Il fait un temps magnifique.;Es ist herrliches Wetter.;Quel temps est-ce qu'il fait? - Il fait ~.;303;01a8481fc1313d54afc4b75d05360c23
le volant;das Steuer/Lenkrad;;324;886d4053ec65c9c6a2122e1453812ae4
au volant;am Steuer;Maman aime être ~.;347;c27de36d0b86303d0558e71c4150e591
froid/froide;kalt;Je voudrais de l'eau ~2.;370;83c48ac088daceb7a373d448eec36cb1
J'ai froid.;Mir ist kalt.;Il me faut une couverture. ~,;392;b69a2ffba1b043eabe11c4f950244d3e
chaud/chaude;warm, heiß;+ froid/froide;417;3960078d71480734efeabedaf1927d00
Il fait chaud.;Es ist warm/heiß.;J'enlève mon pull. ~,;438;60df36ad866405fc365971919c584637
neiger;schneien;Il ~3. La route est dangereuse.;462;76230179089015cb01bd22fa10de2dd8
d'habitude;normalerweise;~, il fait chaud en juillet.;484;b82df920bc4657c03f9f75e060fb7556
conduire;fahren;D'habitude, papa ~4 mieux.;507;0a37f7c5fd47c822baa127359af5fb2d
la sauce;die Soße;;529;943b95fc30ce94ac6482dbe6f9e7f683
peu à peu;langsam/allmählich;~, il commence à neiger.;552;add1e1b5dcb6454948baa659f9e96a98
l'altitude (f.);die Höhe (über dem Meeresspiegel);;575;6f2fc7262eb75b8f9234f22f83fdc1ea
prendre de l'altitude;an Höhe gewinnen;Le ballon monte. Il -5.;621;41016a550ad66066a8803bb4d5d03aa1
un nuage;eine Wolke;Dans le ciel, il y a des ~6,;645;3fb363109c0ccfa1795e6e242935b6f0
le soleil;die Sonne;[F] = le - +-+ [D] = die Sonne;666;fecbc833138edde66bf7821afd90a725
briller;scheinen;Le soleil --?.;688;c30d3655f0bdb95a35cabfe9c48d7e5b
Il fait beau (temps).;Es ist schön(es Wetter).;Il y a du soleil. ~.;713;6ca2216decb96792692f0646b2989373
pleuvoir;regnen;;734;9a21b3d3d45620d4d3422b3a489c14a2
Il pleut.;Es regnet.;Restons à la maison. ~;758;b7cffc78d03677d4e49951d531c3788c
le paysage;die Landschaft;En Auvergne, il y a des ~8 magnifiques.;780;e504f1b29bfe657b6d652d44f8d28d49
le relief;das Relief;;803;b22e235e80035dae46f20d7e6da01f7d
une carte en relief;eine Reliefkarte;;823;7b99b47ec111794387334fcfc922ad90
le Puy de Sancy;Berg in der Auvergne (1885 m hoch);;849;300d735008d47ab32df39709d61caaf9
une station de sports d'hiver;ein Wintersportort;;893;dffdeedf6a9fb1035b1343b88b034d82
Super-Besse;Wintersportort in der Auvergne;~ est une station de sports d'hiver.;916;892ef74fca5eb8220a8a616156fac4bb
construire qe;etw. (er)bauen;Un architecte ~9 des maisons.;962;1597eb08861edffc8b0837ac1e0b00c4
un mètre;ein Meter;Mille -10 font un kilomètre.;983;ab5d8e070a1c1dbfd103321f209dad26
à 1350 mètres d'altitude;auf 1350 m Höhe;;1005;591e7b01279cb757f294442b70376f44
un skieur/une skieuse;ein Skifahrer/eine Skifahrerin;;1030;d9b8ff11707c40a1e71ce634ab15321d
détruire qe;etw. zerstören;On veut ~ une partie de la vieille ville.;1074;28059bc14dc1b3c29c2bd33bf95e289f
une montagne;ein Berg;Le Puy de Sancy est ~,;1096;55736f66c9f0100108a811c6f152fefb
à la montagne;in den Bergen;~, il fait très froid en hiver.;1120;56e342f55a5736a119b796898163b208
un parapente;ein Gleitschirm;;1143;7dc81fc23ae76bcf7ff2db54cc5335ff
autour de qc;um etw. herum;Elle a un jardin ~ sa maison.;1165;68ca3c91f06db825b1e6d97f1858ac39
une poule;ein Huhn;* un coq;140;1a925782625e5004a9eb86b641abd676
une poule mouillée (fam.);"ein Angsthase (ugs .;";Il a toujours peur. C'est ~.;163;f2cac7d96438e70c8ba270fb3168c90e
;wörtlich: ein nasses;;186;d41d8cd98f00b204e9800998ecf8427e
Quel temps fait-il?;Wie ist das Wetter?;;298;9ec3958112b395037322e9655eea4a6e
la température;die Temperatur;;320;8d813834b4b8f8ec908bbe3bb39b72c9
un degré;ein Grad;F --- -- > [E] = degree;345;85f9262d9694a371b35b7398b8dd7e1a
Il fait dix degrés.;Es sind zehn Grad.;;366;c30ef7fa636bef4d7ceb891b8ee50079
Il fait moins deux.;Es sind minus zwei;;388;11ebf1c632ebcbd45c9ba1a2a7d3afda
2 le contraire;das Gegenteil;;435;204b61d3f71edc8f98686e37237f9d7d
au contraire;im Gegenteil;;458;f362296b393a0f0ec5d018a12faae899
moderne;modern;;483;2e64f9464506f3f62b02242ffb31b088
le plastique;das Plastik;;504;9dd32b0c0537c6865d4d507c5382b9c1
en plastique;aus Plastik;;528;25ac4600eb5bd2eab4e024a221ca4341
un papier;ein Papier;;551;a0c254e002760b1d2fcdc73d7ddfe4fe
Véronique;weibl. Vorname;;573;70f69c1a24f09c3d5535e36af02a9245
Je vais te raconter;;Ich werde dir einę interessante seltsame lustige;759;77f886e4ffb13f699f82b90a48c4353d
Hier, ...;;Gestern ...;964;a6956809d9dba5c8ff2282f63488f8ac
Un jour, ...;;Eines Tages ...;986;4c6a3f454416132e6720973b5baf6a2c
L'année dernière, ...;;Letztes Jahr ...;1009;03ab7b90613337478f74bda9f221bec2
D'abord/Au début, ...;;Zuerst/Am Anfang ...;1031;b90ae7ec138a5c32192ff160c9ff6d21
Un peu Une minute Un jour;;Etwas;1052;a0500cf8964d41c7375f4842ffdc957a
Puis/Ensuite/Alors, ...;;Dann/Darauf/ Da(mals) ...;1145;752f8368c37ec5c9210546505e5069b8
Tout à coup, ...;;Plötzlich ...;1190;14e58f55d05ffb7b32edb92465214ba8
Enfin, ...;;Schließlich ...;1212;df6b2f7869087fd4790a6e6753693372
le bruit - le silence;der Morgen - der;;772;2e6f0b0efdc63d17a2acdbf87f36144d
le début - la fin;Abend;;790;d365618ce764e2914d65d5d29f507458
le jour - la nuit;die Frage - die Antwort;;814;1843ca5a0e738e2264cb7dafd0ff197f
bon/bonne - mauvais(e);nett - böse, gemein;gut - schlecht;901;91e339bb2a954dc9908e7547a21188e8
bon marché - cher/ chère;;billig - teuer;922;980bceeb897b3d402c4e636806669184
chaud(e) - froid(e);intelligent - dumm;warm - kalt;969;bb9340c7cffbecd633a1b5acadeba4e9
court(e) - long/longue;interessant langweilig;kurz - lang;990;066802446bd870ff7882b909ea4113a8
facile - difficile;;leicht - schwierig;1012;b30e74c6a797b0bebd211eebf1c89e52
gai(e) - triste;jung - alt;fröhlich - traurig;1037;a55dd657ec14572c2a5f61d0ab3cf484
bien - mal;mehr - weniger;;1120;e3fe223c1d4c25a46049c99aa45b4077
beaucoup - peu;früh - spät;;1146;745871354ceb44bb0692fa4bdb311118
à droite - à gauche;auf - unter;;1225;016e4147f822c9562de4d8c2d98bf325
avant - après;für - gegen;;1247;56ea595c7f0c231e2b9e7c5a8ac874b0
Dixier;frz. Name;;610;015d902126008da217a6dd2edb82d268
un ouvrier/une ouvrière;ein Arbeiter/eine Arbeiterin;~ travaille avec ses mains.;633;4cca73f792704fcaf18ed784d190b738
Le Bourgnon;kleines Dorf bei Clermont-Ferrand;;679;a0488d7c3cbf2e50a718b7be71fda341
se trouver;sich befinden;Fontainebleau ~1 à 64 kilomètres de Paris.;723;dfee3c1b4f00adafdfb84a3502b1d2b9
un/une collègue;ein Kollege/eine Kollegin;[F] = ---- ègue + -+ [D] = Kollege;749;22e3a3ba2a1ceaced9b2fa38a502c43f
arrêter qc/qn;etw./jdn. anhalten;La rue est bloquée par un accident. La police -2 les voitures.;793;d2b363afe7c08b727ff67a8d1329b91e
une usine;eine Fabrik;Un ouvrier travaille dans un atelier ou dans -.;835;dde9332df7398aa84be1f363bd0ef2c3
seul/seule;allein;Il a perdu sa femme. Il vit ~.;883;9ae33a1d0b9ff6884f837d2051df5577
les bêtes;hier: das Vich;;994;2eea4b164846ee0ee9000b500119f484
se reposer;sich erholen/ausruhen;Après le travail, on ~3.;1018;fd515c5a2bc1f04ca7911f1d85542040
une ferme;ein Bauernhof/Gehöft;Le paysan a -,;1039;0e76b05be008c8e7df597e782b53c463
de père en fils;von Generation zu Generation;Dans cette famille, on est ingénieur ~.;1064;7bee68707e6cb6083598e0307df03541
Je te laisse.;hier: Ich fahr'/geh' jetzt (mal).;C'est l'heure de partir. -.;1108;8c08af0ddbd5895e4a934f84fdec2088
la neige;der Schnee;- neiger;1156;3cbdc67094854f38686dea6a376a16a8
venir de faire qe;gerade etw. getan haben;Elle est encore là? - Non, elle ~6 partir.;1178;d33d508ffcca0189a7217da140b515fa
annoncer qc;etw. ankündigen;La radio a ~7 du beau temps.;1199;8452747facdb4ca97ee5cfbb9584c338
le vent;der Wind;Ce ~ annonce du mauvais temps.;138;4471741af6ae1c9ef47a77c694d735b3
avoir de la chance de faire qe Tu ~' avoir un emploi. Moi, je suis sans;Glück haben, dass man etw. tut;;164;103cdd62e98a74be2ee40828fb078596
l'argent (m.);das Geld;Payer, c'est donner de -.;209;09d4b459e42d93d3b06020de2b8f9be1
gagner qc;hier: etw. verdienen;Avec une petite ferme, on ne ~2 pas beaucoup.;233;6b0586f249d61754842cfd7ef2f2cc68
Riom;Stadt in der Auvergne, ca. 15 km von Clermont-Ferrand entfernt;;277;ee62f78ca0455541c1e7b1a45359d468
commencer à faire qc;anfangen/beginnen etw. zu tun;Restons à la maison. Il ~3 pleuvoir.;369;7101dda7738828f6bdb60de679afc77e
pendant ce temps;während dieser Zeit/ währenddessen;;483;2f149159de5abad8c3657ddd779be319
dine;zu Abend essen;- le dîner;526;f99031437570e3578164002d9df5218f
Muriel;weibl. Vorname;;551;ff9549ef7eb6d3a4b01cdfb5f849cbef
Maurice;männl. Vorname;;575;397da9fbffdbd3cee1f563c1dd91a984
Florent;männl. Vorname;;596;6de346fcfd5d365185f5273fc40a420d
s'inquiéter;unruhig werden/sich beunruhigen;Les parents ~4 parce que leur enfant ne rentre pas.;619;6e8cc2f7612b8df6dcf746e9fb56df7d
une tempête;ein Sturm/Unwetter;Le vent fort annonce ~.;663;850fd4458cd2675bd8d250cc4db5717e
se coucher;sich hinlegen/schlafen legen;I] ~5 tôt parce qu'il est fatigué.;686;9b8ebc8d3801a96de688a4680eca7053
quand même;trotzdem;J'ai du travail. Mais je viens ~.;733;69fcc92430b48aff2f786b5730f07014
si;wenn/falls;s'il(s) +-+ si elle(s);753;ac5585d98646d255299c359140537783
s'adresser à qn;sich an jdn. wenden;L'automobiliste cherche une rue. Il ~6 un homme qui passe.;778;089e4aed56029a96a8422cf383822c83
la situation;die Situation;;822;a7b238eddf64901a9712c4fac378b606
la circulation;der Verkehr/das Fahren;Dans le centre-ville, ~ est difficile.;843;0f8c4394cab133bb05dfcf8bd79c7463
plein/pleine (de qc);voll (von etw.);A la montagne, les routes sont ~7 virages.;869;be87e517199e704d191092c03ed83928
une route pleine de virages;"eine kurvenreiche Straße; wörtl. : eine StraBe voller Kurven";;915;78620ec873200efd128daf648c189707
lutter;kämpfen;Pour gagner un match, il faut ~.;979;b3ec7189323797af081633b469c34e4a
s'arrêter;anhalten;Il y a un accident. Je ~ 5 pour voir si je peux aider.;1003;5aa74cd85cb97a096a41a018db3db62c
se mettre à faire qc;anfangen etw. zu tun;commencer à faire qc;1049;11bc4e23f1a09531959d212b563190c8
Il se met à avoir très peur.;Er bekommt (allmählich) große Angst.;;1073;1a13b390c87dd655044fd936296ce126
une étable;ein Stall;Pendant la nuit, les bêtes sont à l' ~.;1118;56575f65fb37abc6e7c3ca12c4d4e9bb
réparer qe;etw. reparieren;;1141;40da9816e6c16cbd40d718b07e8d13dd
provisoire;provisorisch/vorläufig;;1164;bc07bff1bc81870e2da2ba8d7a022b02
longtemps;lange;Il a plu ~? - Oui, toute la journée.;1187;2bf350292f5eee8401d68e5e1ea6d831
dépenser qe;etw. ausgeben;+ gagner qc;1210;64a91c91e826fdb35489877ace8d8e96
presque;fast;99, c'est ~ 100.;160;5c8b40e77aac6a96df03cc97946a38e0
au loin;in der Ferne;De la tour Eiffel, on voit Notre-Dame -.;229;bf5413f9586ffcc71bba554e301abe8e
un phare;ein Scheinwerfer;;252;802604e49328f50b07b4f04fc13cc599
avancer vers qc/qn;auf etw./jdn. zugehen/ zukommen;Une voiture ~ 2 nous. C'est la police.;321;03783bb1057ccb27da3b7b8af2c6e641
un chasse-neige/des chasse- A la montagne, en hiver, il faut des -3. neige;ein Schneepflug/ Schneepflüge;;368;67c4b6693e2a4689fef601be2045bca2
l'électricité (f.);die Elektrizität/der Strom;Sans ~4, les phares ne marchent pas.;412;7cfe91bf04c70b230c4c276097594b64
éclairer qc;etw. erleuchten;Les phares ~$ la route.;458;bd34da1c551f5d5de830884cc45b2e70
un mur;eine Mauer/Wand;F = un ~ +-+ [D] = eine Mauer;525;648424f3b3c960be0a36b6513cb918fa
une tuile;ein Dachziegel/eine Dachpfanne;;548;b6ce38a0b3179a5dc50e64beb6a3e78d
Dieu (m.);Gott;Je crois en ~.;594;fec0db28b4eeb000234f074fd1f4acb3
Mon Dieu, ...;Mein Gott/Oh Gott, ...;~, quel terrible spectacle!;616;255145edbec80ce49cb92b51fd02bf03
près de qe;nahe bei/neben etw.;La tour Eiffel est ~ de la Seine.;640;c2f3da3a0a1469eb302db9680d65a75b
découvrir qc;etw. entdecken;- la découverte;663;41b9de70550fb6801a915ad2b29e2174
un veau/des veaux;ein Kalb/Kälber;~ est une bête gentille, je trouve.;685;c08456610f7185be815ba5cab0ab6438
mort/morte;tot;Elle n'a plus de père. Il est ~6.;708;ee2740fbe5940624079e90936dc6b860
une vache;eine Kuh;Le veau reste près de la ~,;730;a26596796cf622cde6e51fbc19a798da
un trou;ein Loch;Je ne peux plus porter ce jean, Il a ~.;753;76127501daef5977acb867dbe7f6988c
la panique;die Panik/Angst;Il n'y a plus d'électricité. C'est ~!;776;a3f86b88d8fca6e2540e7f304b763c28
Qu'est-ce qui se passe?;Was geht hier vor?/Was ist los?;-? Pourquoi est-ce que tu cries comme ça?;845;8dd7fd8458ccf49728d40332aa509bb7
Marcel;männl. Vorname;;888;85b934472d7d6fc3811f1659e44271e1
se lever;aufstehen;# se coucher;911;03e43aaec1302a5669362a89e6fcbefc
réveiller qn;jdn. aufwecken;C'est l'heure de se lever. Va ~ les enfants.;936;4afdb1ce28dd4773aa216ad6f3a74f58
s'habiller;sich anziehen;Les petits enfants ne peuvent pas ~ seuls.;958;03121a188fe106c476af1a108de60760
Pendant qu'ils s'habillaient, ...;Während sie sich anzogen, ...;;979;dab8e956259a2c280566dfafe4614df2
une aide;eine Hilfe;> aider qn;1026;6a3ad25a9c6536a30985e927a296a7a0
un troupeau/des troupeaux;eine Herde/Herden;Cet agriculteur a un grand ~ de vaches.;1050;697ac946ad511c580b490314f607a98f
sauver qn/qc;jdn./etw. retten;Elle est dans une situation dangereuse. Il faut la -.;1073;25a1efbb573de790a333c742325d6c21
formidable;toll;Cette fille sait tout faire. Elle est ~,;1116;498795c280f6a379fab0f664a2530dca
apprendre qc;etw. lernen/erfahren;;208;b8792c98f840b22e3cbc992bcf52810b
se laver;sich waschen;;230;2bcd3c605759aecffe119b1fdd4c1ad4
un oncle;ein Onkel;;252;d69519e688af2a3aba371c1a056fec23
comme;da/weil (Konjunktion);;274;791f5942e42ed1e443f9a4d624750e09
un ski;ein Ski;;295;ba99ce179e034eed4494069e8166aae9
faire du ski;Ski fahren;;320;79659d5ac343a9a85101ff74844c49e4
une piste;eine Piste;;342;72db290657d26060915c73357ec233f6
une revue;eine Zeitschrift/Revue;;365;8980ed4a92ecdb9a270d839149de73a3
rassurer qn;jdn. beruhigen;;389;083308164064b4b148cae738fc70dd05
une pâtisserie;eine Konditorei;Une boulangerie peut être en même temps -.;301;4b975567e7aa84089357c4e304d9befb
une boulangerie-pâtisserie;eine Bäckerei und Konditorei;Cela s'appelle -.;344;f7b02e59141a4aff933a858cca74ed3e
la Bretagne;die Bretagne;;391;13ae439c34c8b4721a01396219f9c003
un port;ein Hafen;;413;e0a86abeaee60bdeaf995c820b503c4c
Concarneau;Hafenstadt in der Bretagne;~ a un port.;434;c4367614175a54aa27374599646cd547
l'Autriche (f.);Österreich;;482;19868ab9365d789fc222bc4d241dd3cb
un Autrichien/une Autrichienne;ein Österreicher/eine Österreicherin;Les ~1 vivent en Autriche.;504;5b58b94fe3d050cda8d3bdc40ed35331
Emilie;weibl. Vorname;;550;4858209ff3b15e23ad2ec5cba457add2
chez qui;hier: bei dem/der;La copine ~ elle est s'appelle Hélène.;573;3f4e65a58304bcb14d2b0bdb1e67c606
un croissant;ein Croissant/(Butter)Hörnchen;J'aime bien manger des ~2 au petit déjeuner.;596;d1b40542bbe215aa142160349cd8f776
frais/fraîche;frisch;J'achète des croissants ~3 le dimanche.;641;8e82e3377702a48ac8f25f70ead5e33c
un boulanger/ une boulangère;ein Bäcker/ eine Bäckerin;- une boulangerie;666;ca114727141efda475e1616eea20f78b
surprendre qn;jdn. überraschen;Tu es sûr que c'est vrai? Tu me -4.;711;8a6bf19ea9746a9a37bb3bb78fdb25ca
s'amuser;sich amüsieren;+ travailler;733;fe15ce4c1cf5dd35d91ae8a4578fb135
un plat;hier: eine Platte mit Gebäck;A = un ~ +-+ [D] = eine Platte;756;586517893653dc74a8d07dd939e22625
une vitrine;"ein Schaufenster; hier: die Auslage";J'aime beaucoup regarder les -5 des magasins;799;b7093c5e46982d0d3e9d893e24a8089a
un truc (fam.);ein Ding/eine Sache (ugs.);- une chose;846;231c016fb705fb7cc3e441936e4d7077
s'appeler;heißen;Je ~6 Emilie.;891;c5a4b3c7fc36630385d18618fbca6695
Ça s'appelle bien ... , non?;Das heißt doch ...,;;916;2a2fc4881e4f5f85374218c9f2ac8099
un baiser;ein Kuss;Tu m'aimes? Alors, je veux ~,;982;fa7819cb1bdc26f57159fcc84dc1b356
Bons baisers de ...;Viele Grüße und Küsse aus ...;;1005;0840d441ce80f3295ab929eda3b6a19b
exprimer par;ausdrucken durch;;1119;f092f59e92ab1b7e88b776eea74f39e8
pratique;praktisch;;1141;56645b022202ac8c76d0e397b628dc70
identique;identisch/gleich;;1163;8bfc0d7da3eb164c67f7fe5cc617d577
un/une partenaire;ein Partner/eine Partnerin;;1186;0790d1547db8ae632f3af83b600b6e82
les Vosges (f ., pl.);die Vogesen;~ sont des montagnes.;208;faa3233b8fda3da07e3690d20c569a0f
un camp;ein Lager;Il aime passer ses vacances dans ~ de jeunes.;228;e0549ed57d2164f48712d76163c92839
franco-allemand/ franco-allemande;deutsch-französisch;Strasbourg se trouve à la frontière ~1,;273;cc1bcbfcf8c0236b490a821d62e6fc7f
un camp de jeunes franco-allemand;ein deutsch-französisches Jugendlager;;320;6ea4aad32f9ddaf5d299843e312e5c16
une excursion;ein Ausflug;~ est une très longue promenade.;365;19057e9d5b4003ec8b1cb18b98c7bde6
Il en revient.;Er kommt von dort zurück.;Il va en Autriche? - Non, ~;386;12c85cd0f4ffa4c47f821a42496395e4
un moniteur/une monitrice;ein Betreuer/eine Betreuerin;Dans un camp de jeunes, il y a ~2.;433;34fbb46d66583260885bc5528c9ab63d
un timbre;eine Briefmarke;Pour envoyer une lettre, il faut ~.;476;63930ce8e4512d141447b49801161375
Je n'y ai pas pensé.;Ich habe nicht daran gedacht.;Tu as acheté des boissons? - Non, ~.;503;ab5a91aa1fb6adedde847afc90e48ab6
une cigarette;eine Zigarette;;548;f6cc51f41f5555a6e8ae1e09667d60c9
Le Royal;hier: Name eines „café“;;570;3a1bb3e9e162cefc9198f11c654daf39
le tabac;der Tabak;L'alcool et ~ sont dangereux pour les jeunes ... et pour leurs parents.;616;81949fb0d5078021f3408b071ebf9900
un café-tabac;(frz. „café“ mit einer Verkaufsstelle für Tabakwaren und Postartikel);On peut acheter ses timbres dans ~.;660;0c814d239b29f10217be453f5d2962e6
On peut y acheter des timbres.;Man kann dort Briefmarken kaufen.;;753;7ff237b87dacef3f4d831635aeb6d0f6
une télécarte;eine Telefonkarte;Téléphoner avec ~, c'est pratique.;796;978a6f1325482a91cc3505a267280571
On y va?;Gehen wir?;Il est l'heure. Alors, ~?;819;99ef7307171e7d2554c77e49f4ab2340
offrir qc à qn;jdm. etw. anbieten;Il m'a ~3 une cigarette. Mais j'ai dit non.;843;8f56b4334d547b6b1d17576b1f8daba7
Je t'offre un coca.;Ich spendiere dir eine Cola.;"Viens. "".";866;32eb3c4f189640508ee9d81faf2ef18a
un salon de thé;entspricht einem deutschen Café;Dans ~, on peut boire un café et manger des gâteaux.;955;c5ad1c81d8abf2278065852ee9808aee
Colmar;Stadt im Elsass;;1093;61aaef98f3910456749c6d564711d2c1
un médecin;ein Arzt;Elle est très malade. Il faut appeler ~.;205;15034d455365bf2dbdf40934ec939a0b
la Vendée;die Vendée (Gegend in Westfrankreich, an der Atlantikküste gelegen);;227;64d32978cd777f9494399431840eac68
Lucerne;Luzern;;319;8232ad3191a20df472f801567d9bcaf5
la Suisse;die Schweiz;Lucerne est une ville en ~1.;341;cfe7c850b5f624d8970d940bfa5ae51a
se réveiller;aufwachen;Grand-père ~2 toujours tôt.;363;b563890399e12ee53213f85269ac20d3
le cœur;das Herz;Elle est bonne. Elle a du ~,;387;b85f62c466f76e03460c582cc02c35d3
qn a mal au cœur;jdm. ist schlecht/übel;;410;f13093ccff966f638630b8d3c4280906
vomir;sich übergeben/brechen;;433;20bc0504b3c40425607302de5fd6dbdb
une tisane;ein Kräutertee;Grand-mère ne prend pas de thé. Elle préfère ~.;455;ffeee9987a14d401c884779e43da5c20
le lendemain;der/am nächsten Tag;;500;8b31b3326316dd72e3b1dcd669ef4447
le lendemain matin;der/am nächsten Morgen;Nous sommes arrivés tard. Mais ~, je suis tout de suite alle faire les courses.;524;5ba4b1be8157520ebe170a0e73bf3fc1
devoir faire qe;etw. tun müssen;+ les devoirs;571;ad93810ad3bcc72485aae888183468cc
devoir qc a qn;jdm. etw. schulden;Voilà les 5 euros que je te -3.;592;480b923414a8666a0ea08d0f15732bb5
Elle a dû trop manger.;Sie hat wohl/vermutlich zu viel gegessen.;Elle a mal au cœur. ~,;615;4681202c366ebcf1acf5cff717563182
un docteur;ein Doktor/Arzt;-+ un médecin;660;a1719ea9e5fe8d10c2e3bf149f658877
Bernard;hier: Familienname;;683;ba7482fdd2bce593e26ddd6f35d856ac
recevoir qn/qc;jdn./etw. empfangen;Les Sorel ont bien ~4 leur nouvelle locataire.;706;0d54d8703ecac69de5817555ae1e1196
faire comprendre qe à qn;jdm. etw. begreiflich machen;Il ne fait rien. Tu dois lui ~ qu'il faut tra-;753;dbd1708bb0e6922fc11847ef02a46c2e
examiner qn;jdn. untersuchen;Le docteur ~3 le malade.;797;414b51f78b4a6596b3c8949c4570e6aa
la fièvre;das Fieber;J'ai très chaud. Je crois que j'ai de ~.;820;cf73a17682690ada9831ad182ab11299
se baigner;"(sich) baden; hier: ins Wasser/schwimmen gehen";L'eau n'est pas trop froide. On peut -.;841;5bd8bc85abf756b6be4c7921dd3de477
sourire;lächeln;Elle est très malade. Elle ~6 quand même.;908;92d25012cb980b6d0abe87074ff98f0f
un comprimé;eine Tablette;Prenez ~ après chaque repas.;932;1c9a3211f155a80353aa311441dd3364
l'envie de vomir;der Brechreiz;Ce comprimé est contre -,;954;5692a490b3b92d77df8eae8aded209d1
une recette;ein (Koch)Rezept;Tu ne sais pas faire la cuisine? Alors, je t'offre un livre de ~- 7,;978;f2e4e7f394e582187a82e05aa34e1cd6
un pharmacien/une pharmacienne;ein Apotheker/eine Apothekerin;;1024;c73e545e8ac77f2e487936a594fff141
un médicament;ein Medikament;Un pharmacien vend des -6.;1068;1da90814652d9021cbfc80fc49d89121
une ordonnance;ein (Arzt)Rezept;Le pharmacien: «Pour ce médicament, il faut -. »;1090;40d7790fa0ad2265661c111d1808811b
une feuille de soins;ein (ärztlicher) Behandlungsschein;;1136;9437a25712f710005557cf52acc40402
une assurance;eine Versicherung;Quand on achète une voiture, il faut prendre -.;1180;c4f6e8b46f685691e5c4795e469dfb8f
une pharmacie;eine Apotheke;-+ le pharmacien/la pharmacienne;183;5fddf1ffc29b28d964cc1917ed61589d
une église;eine Kirche;Tous les dimanches matin, il va à l' ~,;206;da121e40eaa3ae30ec58a668606bf833
la poste;die Post;;229;1a8fb1eb5e7ef7ddcae6dd56598d05ec
une consultation;eine Sprechstunde/eine (ärztliche) Untersuchung;Heures de ~1: 14h à 16h, sauf le mercredi et le samedi.;251;34577bdaaf13d882b89e6338f24ff6ba
un classement;eine Rangfolge/Tabelle;;411;8611032032259d3b15784c880ad0f942
5 le garçon;hier: der Kellner;;435;acba49c95b8e01dad03012473680b4b7
un questionnaire;ein Fragebogen;;457;ea2d344c1e07e3af9c0263b9383efa1d
correct/correcte;korrekt, richtig;;482;8053fa838573c2b1e638cd686d88ee0b
Vive ... !;Es lebe(n) ...!;~ la France!;296;63a430528fa1feb0d41c26181796e684
une remorque;ein Anhänger;Derrière la voiture, il y a -.;319;d4f17e5d825abeeb4873086426d55eff
c'est ... qui;dient zur Betonung und Hervorhebung von Subjekten;Tu as gagné? - Non, ~ Serge ~ a gagné.;344;42325506e14bc7e9491e9f04b19923c8
un lapin;ein Kaninchen;~ mange des carottes.;412;b10d6a164cfb5163ee01e70237b46ebe
un hamster;ein Hamster;;435;5ef79f31cc27d493962723d5ca4e9201
un voyage;eine Reise;Bon ~!;459;a02a73ec76e2f7a40be8fcf7cf33f11a
une côte;eine Küste;;479;022708ed5b493081cd51d4b1ca68c088
la côte atlantique;die Atlantikküste;Brest est sur -.;502;6bd10b4d12dbb3876fb086ad53691f48
Hossegor;frz. Stadt an der Atlantikküste;;527;ad18156cbaaecace14d3ab9ee06954c2
Pitou;hier: Name eines Hundes;;569;163b25d1402b6d69e350200bcdf34392
être à qn;hier: jdm. gehören;La boulangerie ~ 1 boulanger.;616;267236ce0a6fc43be6911956581d9c23
appartenir à qn;jdm. gehören;- être à qn;640;c4bab06dbccd603803f91851037f7933
Il va et vient.;hier: Er läuft hin und her;Pourquoi est-ce qu'~ devant le magasin?;660;ee50f8e15d1008c4dc3e0bb6d24240f9
Paul et Paule;hier: Namen von Hamstern;;708;524c0e0db4df66393da0ee2231c6fd21
Stéphane;männl. Vorname;;753;e32ff903a0e87efe5d3854e53f016a72
une cage;ein Käfig;Le lapin est dans ~.;778;cd2237412def62b686328b963f23f6da
Bâle;Basel;;797;7b18fee9da3871ff3af209951a6be7da
l'argent de poche (m.);das Taschengeld;Tes parents te donnent combien d'~ par semaine?;820;4cef11d1f8ee73a3a8d080f3d730c277
Benoît;männl. Vorname;;866;99e2e84aa685ea585d735b3a0fa389d5
lui;hier: unverbundenes Personalpronomen der 3. Person Singular, maskulin;;885;55681f25f2b5ce8a670140d1dff04da5
ne ... pas non plus;auch nicht;Je n'aime pas ce plat. Lui, il ~ l'aime ~.;979;22abcba2cf19fba394f42a88ee136515
c'est encore moi qui ...;ich bin es (schon) wieder, der/die ...;Je n'ai pas de chance, ~ suis le dernier.;1002;e573331d51014934f5866c5eb8624529
énerver qn;jdn. aufregen;Le bruit des camions m'~2.;1047;753e8bb88a70bdbaf4e8b4bb3c7f4ae0
se disputer;sich streiten;Ne vous -3 pas. Ça m'énerve.;1070;e9e0f6a655d071274ececbdf7d89d710
elle;hier: unverbundenes Personalpronomen der 3. Person Singular, feminin;;1092;1aec34a522961d2d5e3d03b0b17565dd
de toute façon;auf jeden Fall/wie dem auch sei;Tu veux rester? - ~, moi, je pars.;1184;ad5cd2aeb4bc413632dbbbacd3d91ec5
un camping;ein Campingplatz;Les Costa passent leurs vacances sur ~,;248;3cd0e658d3eee93264231de063ff50e4
un bouchon;ein (Verkehrs)Stau;"Le 1"" août, il y a ~1 partout en France.";268;a294b0e3704580759fd48aed64801fae
un million;eine Million;[F = un ~ +-+ [D] = eine Million;293;878f4afc764a47ad8046cf0292dc8df5
prendre la route;sich auf die Reise/den Weg machen;Il ne faut pas ~ le 1er août.;315;ac67c78ba96c8a8bbf305d8ab66dacb6
la mer;das Meer;J'aime bien les vacances au bord de ~.;361;fb738cfbe34b825d1bdb623fca77af5e
un lac;ein See;Les campings sont souvent au bord d' ~.;382;4d8e90acafa9b6489fc24593c23ced2d
un pin;eine Pinie/Kiefer;F = un- - + [D] = eine Pinie;407;436aeba0de9f66157bd51e92904b7805
une habitude;eine Gewohnheit;Se lever tard est ~ mauvaise - .;428;383496ddc5dfd067fb9c6ec072905151
eux;unverbundenes Personalpronomen der 3. Person Plural, maskulin;;453;a00db5fd17f7d0e295f8559ae775359f
se promener;spazieren gehen;- une promenade;544;3e416c32210663c5b02c61c190eaf804
basque;baskisch;;565;148a27539a37b24d8e56279c545a8f8a
la pelote basque;das Pelotaspiel (baskischer Nationalsport);;589;b16386a40840a7fb845613eaa437ebfb
une balle;ein Ball;[F] = une ~ +-+ [D] = ein Ball;632;aad5b1200bea70c2046ee0fe71ad7c06
si;50;Ne cours pas ~ vite.;655;ac5585d98646d255299c359140537783
une plage;ein Strand;Sur la côte atlantique, il a y des belles ~2.;681;d358114deef38b69d774cc6899b73e39
l'Atlanticlub;hier: Name eines Strandclubs, in dem Kinder und Jugendliche während der Ferien den Tag verbrin-;;701;7f6fab67a2ed6988c7200e211f3a0846
le surf;das Wellenreiten;;838;741505c92d1ee8287781ebd71e3dfdb5
une glace;ein Eis;Quand il fait chaud, on mange --.;860;b3a73ea00398efbb4075b815bbf62d94
Ça y est?;hier: Klappt's?;-? - Oui, j'ai fini.;885;e6ec417b75bf4b9fb2506ad210560e16
savoir faire qe;etw. tun können (wissen, wie es geht);Je prends le volant? - Oui, si vous ~3 conduire.;906;db2f28173d41356af7faf94fd9596905
pouvoir faire qe;etw. tun können (in der Lage sein etw. zu tun);Je ne ~4 pas conduire. J'ai une main dans le plâtre.;954;b2bda30deb04c399a4f8b577356d5df8
la santé;die Gesundheit;Se promener est bon pour ~.;1018;850edea76c66a2d1ea3d49f7741fc101
se moquer de qn;sich über jdn. lustig macher;Il y a des élèves qui ~5 leur professeur.;1044;fac58e5b2133c10bb397bde2b2ad26ab
un écomusée;ein Freilichtmuseum;;1088;45a48a9b1ab5141c18379d01576c59bd
un jeu de rôles;ein Rollenspiel;;203;0f96cfec46598158e999c20fc93c2857
distribuer qc;etw. verteilen;;227;733c2f3952744f11f46ee97fa181bca3
un sketch;ein Sketsch;;249;16a7a84f5383ae742c08d7800fb6f223
le départ;die Abfahrt/der Aufbruch;;274;e4b2c4cb50c93cb7e01e98c960edf1d7
une excuse;eine Entschuldigung;;318;637ffee332cf6fde9132cb28f1bb35c7
un journal/des journaux;"eine Zeitung/Zeitungen; hier: ein (Reise)Tagebuch";Qu'est-ce que tu as écrit dans ton ~?;434;b65da0a58fe7a0f0afd29dea952c6662
tenir un journal;ein Tagebuch führen/;Beaucoup de jeunes ~1.;501;8d1a936267301feb75c4c141a7493f4a
le retour;die Rückkehr;- retourner;547;f92de67703b2ecb38a5873d61ea54a67
une vague;eine Welle;Pour le surf, il faut des -2.;569;a8152135e4ac583e76cf625413e9f646
emporter qc;etw. mitnehmen/wegtragen;Se laisser ~ par les vagues, ça peut être dangereux.;594;bfd614ec362db8571bb7ff6d84d349d4
la vitesse;die Geschwindigkeit;La police fait des contrôles de ~- 3,;637;9d09901cb052e0029fccc5f87572bbcc
à toute vitesse;mit höchster Geschwindigkeit;Conduire ~ est dangereux.;659;b59ce54a1c9b2b2cd36268601413911a
plus beau que;schöner als;Paris est ~ Lille, je trouve.;706;8588626d3aa0a824b17919ce23ec646a
quoi;was;A ~ est-ce que tu penses?;727;6f6b9c80958e944b47adffeeda44e360
Je ne sais pas quoi dire.;Ich weiß nicht, was ich sagen soll.;Tu trouves ce film plus beau que l'autre? .-.;754;7462d2494715262c5d12a7fd3880a2b7
Je ne sais pas à quoi comparer ça.;Ich weiß nicht, womit ich das vergleichen soll.;;797;b17f18d5e0a67c89dbfeda9c6f8dc331
arriver à faire qc;gelingen etw. zu tun;Tu m'aides? Je n'~4 ouvrir cette fenêtre.;864;14b5d76cb53391b90649d64643904d73
surveiller qn;jdn. überwachen;A la plage, il faut ~ les petits enfants.;889;12f375eed41f1c6916baf35c751763c8
les CRS;Spezialeinheit der frz. Polizei, die auch für die Überwachung der Strände zuständig ist;;911;6b3bfbb9c8b7b5f6eb3834f972632a6b
moins bon que;weniger gut/schlechter als;Tu aimes ce gâteau? - Oui, mais il est l'autre.;1024;670692de9d04828343277fb44645b413
un nageur/une nageuse;ein Schwimmer/eine Schwimmerin;Les CRS surveillent ~5,;1069;ced744c1b890e0b1d54f98ab7936e808
le danger;die Gefahr;- dangereux/dangereuse;1116;dd51684af0389cb6316331e57256d84b
l'adresse (f.);die Geschicklichkeit;;1138;8149f48a8b463ae0f10ec51c6921bc07
aussi sympa que;ebenso sympathisch wie;Mes nouveaux copains sont ~ les vieux.;1160;7d9f43779e9c0fff7ff62a16fe59bcc2
un pays;ein Land;Tu viens de quel ~? - Je viens de France.;1184;0a3c212ff7048c23c55c27fd321d2603
le Pays Basque;das Baskenland;Au ~, on joue à la pelote basque.;1207;5dfc75e27db4ba54837c27d889dcf53e
Biarritz;frz. Stadt im Baskenland, an der Atlantikküste gelegen;;138;1727a2d933d817a65127c8e02cebeb43
une personne;eine Person;Mille ~1 sont venues.;250;eb9e798fdd28f4a1fb80d433805dd741
j'étais venu(e);ich war gekommen;;274;1702cdb6bdc3f4db92445638c5a03677
un Espagnol/une Espagnole;ein Spanier/eine Spanierin;;298;3162a992e235f4f51d7344612684f1fb
Dax;frz. Stadt, nordöstlich von Biarritz;;339;12990c9963b15b10027005ae329df7a4
la «feria»>;Volksfest in Dax;;389;191d5c0f080f6fa6ae1c511075ddcfa0
la plus grande fête;das größte Fest;La Feria de Dax est ~ de l'été.;411;8a1295e2eed77441acce01b7bd7e6a81
une course;ein Rennen;- courir;433;fa0e8940d24ec8ed3697783d41517586
landais/landaise;"der Landschaft „Les Landes"" zugehörig";;455;992ecbba6a7eaf6b776756af07d5cf69
une course landaise;z. T. akrobatische, z. T. lustige Vorführung mit Kühen;;502;7667838c8be2769c38b897722805b79c
une arène;eine Arena;;570;9846cf4e29521048fbf15eecd7329c65
un saut;ein Sprung;Il a fait ~ de 5 mètres. Ce n'est pas mal.;592;02993c9ab58b4d1b0c8a9f3c4a50c311
le meilleur/la meilleure ...;der/die/das beste ...;Même ~ professeur ne sait pas tout.;616;f39018a509f14877a9b17205fd321bb1
un sauteur;ein Springer;- le saut;637;dae0f1fb4f1b4b12abe7b9f88f7315f1
une corrida;ein Stierkampf;;662;66efc0cf70cb75188caf635d9fc44ea4
tuer qn;jdn. töten;Notre chien est mort. Quelqu'un l' ~. 2.;683;b95c6ba5689906bbb9c08cc19ca5ce29
un taureau/des taureaux;ein Stier/Stiere;Dans une corrida, on tue des -3.;707;89cf185efa5cc08539c1d89cd30cd6e9
un siècle;ein Jahrhundert;100 ans, c'est ~,;755;70c3b38f7f6875a00c01340561049a7a
autrefois;früher;~, il n'y avait pas de CD.;775;25b3728273d5de4663310aff927631ec
la Loire;die Loire (Fluss in Frankreich);;887;17895ea49da24df1814e0242e3eefea0
l'Elbe (f.);die Elbe;;934;0fbca1b6af1c2f792bce4429081c87af
le Mont-Blanc;der Mont-Blanc (höchster Berg Frankreichs und Europas, 4807 m hoch);;956;87afbf408c665b2ede486a6233ec40e9
haut/haute;hoch;;1047;bcaa4340a8c90f125a3676e29843860c
un fleuve;ein Fluss;;1070;ca38aa92e9884dd2963afda416706ad8
un argument;ein Argument;;1093;641907424aa15e4126e4083215a52c97
le monde;die Sonne;die Welt;251;ae55d90a8d163dcb78dc5281aea89eb9
la joie;eine Grenze;die Freude/das Vergnügen;275;23eb084f2b919e64bec90a3cf30063e8
heureusement glücklicherweise;dein vergangenes Le-;;319;5fe4acf6882fccbf3bb79b8641f116b2
t'as fait (fam.) = tu as fait;;du hast gemacht (ugs.);343;ff0a7a09b3d96f06748be338093c1d27
faire du chemin;;eine tüchtige Strecke zurücklegen;387;b1072e1c4b029be5acae883586c8c957
il fait du soleil;sich schon machen;die Sonne scheint;500;00bff335f6ece0b3c8ab0f38572d489b
il se fait tard;;es wird spät;523;bcf9be612b4ff5fac550002b917e3b41
un walkman;;ein Walkman;627;2514f2b202c30fefdb8607fc35199843
l'enfant au walkman;;das Kind mit dem Walkman;670;5b4b99cd67965b0f7d51e930861d95d7
même pas;eine Welle;nicht einmal;718;64df0eb53bbff4dc71667bf04aed67ae
(il n'a) pas besoin de faire qe;parallel;er braucht etw. nicht zu tun;741;69293c3d7d5d633cffa634f7c3113363
une idole;;ein Idol;786;09c6549e866106bdb6dd6c3c1c9e3ee4
s'envoler;die Zukunft;weg-/davonfliegen;807;d1fdd71a76705f1b15481c34cfd85136
on dirait que ...;ein Lächeln;man würde sagen, dass/ es scheint, dass ...;831;2a65bd048186313ba0ed3ec3f29749aa
planer;;hier: schweben/abgehoben sein;875;c84a228a45fadb73de2cda6a7e707e7d
la confusion;eine Träne;die Verwirrung;977;cdc43e887efabc86862e056713a7dd6c
une folie;;eine Verrücktheit;1022;15224e8deb3cd2f075e3fb12db1cf348
un corps;ein Gefühl;ein Körper;1047;ca1075c75f4fce1b913d6219a9c98524
une lèvre;ein Wunsch/Begehren;eine Lippe;1067;d30261af1c643ad6e720fd5a4b9e7b3a
la solitude;hier: ein Verlangen;die Einsamkeit;1091;9decde755763bbaf67a6ae2b0eab553c
la lassitude;eine Feder;die Müdigkeit;1114;1cf14c0ce6b181b108f0b0531961c5b0
le désespoir;darauf brennen, etw.;die Verzweiflung;1136;dc0e9e9a6bf1c982a5f8670c7588fcae
j'en ai marre (fam.);;ich habe die Nase voll (ugs.);1161;7e63b2609f0034e070e4fdbd23d30bce
l'âme (f.);die Haut;die Seele;1204;2404cd31780bb10cfe4569a563e5c867
un coin d'âme;darin;hier: ein Zufluchtsort in der Seele;1227;e363da29bdac4cfe4cf487ebaf7e5e0a
un chagrin;hier: gegenwärtig;ein Kummer;1274;9480a55a14a8d22735ade26ef7b56b4e
